study_id,dominio,titulo,n,frase
EST-004,ALEATORIZACION,"Secuencia de asignación y ocultamiento (RoB 2, dominio 1)",0,
EST-004,DESVIACIONES,"Desviaciones de la intervención asignada (RoB 2, dominio 2)",0,
EST-004,CEGAMIENTO,"Cegamiento de pacientes, personal y evaluadores (RoB 2 d.2 y d.4)",0,
EST-004,PERDIDAS,"Datos de desenlace faltantes (RoB 2, dominio 3)",0,
EST-004,MEDICION,"Medición del desenlace (RoB 2, dominio 4)",0,
EST-004,REPORTE,"Selección del resultado informado y registro previo (RoB 2, dominio 5)",1,"...provide useful data to address these issues. (HM Government & Wellcome Trust, 2014). An investigator-initiated clinical trial CYstic fibrosis bacterioPHage at 2. De Oliveira, D. M. P. et al. Antimicrobial resistance in ESKAPE Yale (CYPHY; NCT04684641) showed no safety concerns, but although pathogens. Clin. Microbiol. Rev. 33, e00181-19 (2020). there was evidence for decreased PsA after phage therapy, the trial did 3. Durda-Masny, M. et al. The determinants of survival among not meet i..."
EST-004,REPORTE,"Selección del resultado informado y registro previo (RoB 2, dominio 5)",2,"...howed no safety concerns, but although pathogens. Clin. Microbiol. Rev. 33, e00181-19 (2020). there was evidence for decreased PsA after phage therapy, the trial did 3. Durda-Masny, M. et al. The determinants of survival among not meet its prespecified microbiologic efficacy endpoint. The Armata adults with cystic fibrosis—a cohort study. J. Physiol. Anthropol. Pharmaceutical (NCT04596319) trial included dose escalation and 40, 19 (2021). multiple doses of a nebulized phage cocktail. Whi..."
EST-004,REPORTE,"Selección del resultado informado y registro previo (RoB 2, dominio 5)",3,"...evidence for significant safety concerns, no microbiologic a renewed approach to combat antibiotic-resistant bacteria. endpoint data are available. Presently, there are no data available for Cell Host Microbe 25, 219–232 (2019). the BiomX (NCT05010577) multicenter inhaled phage cocktail trial. 5. Pirnay, J. P. et al. Personalized bacteriophage therapy outcomes for 100 consecutive cases: a multicentre, multinational, Limitations retrospective observational study. Nat. Microbiol. 9, 1434–..."
EST-004,CONFUSION,"Confusión y selección de participantes (ROBINS-I, dominios 1 y 2)",1,"...bacteriophage therapy outcomes for 100 consecutive cases: a multicentre, multinational, Limitations retrospective observational study. Nat. Microbiol. 9, 1434–1453 Because of the nature of compassionate phage therapy, there was no (2024). control group for comparison. PwCF had differences in CF genotype, 6. Roach, D. R. & Donovan, D. M. Antimicrobial clinical phenotype and CF-specific treatments (for example, access bacteriophage-derived proteins and therapeutic applications. to CF trans..."
EST-004,CLASIFICACION,"Clasificación de la intervención y su medición (ROBINS-I, d.3 y d.6)",1,"...re treated with phages on a compassionate basis because their clinical course was complicated by multidrug-resistant or pan-drug-resistant Pseudomonas that was refractory to prior courses of standard antibiotics. The individuals received a nebulized cocktail or single-phage therapy without adverse events. Five to 18 days after phage therapy, sputum Pseudomonas decreased by a median of 104 CFU ml−1, or a mean difference of 102 CFU ml−1 (P = 0.006, two-way analysis of variance with Du..."
EST-004,CLASIFICACION,"Clasificación de la intervención y su medición (ROBINS-I, d.3 y d.6)",2,"...d FEV was observed 1 21–35 days after phage therapy (P = 0.004, Wilcoxon signed-rank t-test), which may reflect the combined effects of decreased bacterial sputum density and phage-driven trade-offs. These results show that a personalized, nebulized phage therapy trade-off strategy may affect clinical and microbiologic endpoints, which must be evaluated in larger clinical trials. The rise of antimicrobial resistance (AMR) poses a serious global threat antibiotics2. Complications due..."
EST-004,CLASIFICACION,"Clasificación de la intervención y su medición (ROBINS-I, d.3 y d.6)",3,"...hich drive evolved phage resistance trade-offs that compromise bacterial virulence. Allergic bronchopulmonary aspergillosis 2 (22%) Here, we present outcomes from the first nine adult pwCF com- FEV% 1 passionate cases who were treated with nebulized phage(s) using the 30–69% 3 (33%) above approach. <30% 6 (67%) Results Pulmonary exacerbations Treatment protocol >4 per year 9 (100%) This cohort of eight female and one male pwCF, median age 32 years CF therapies (range 22–46 years), w..."
EST-004,CASO,"Descripción del caso: demografía, historia, diagnóstico, seguimiento (JBI)",1,"...CF Foundation- Libraries were prepared from sputum-derived PsA isolates using the accredited clinical laboratory for standard microbiology analysis Nextera XT DNA Library Prep Kit and sequenced on an Illumina Next- that included antibiotic susceptibility testing. Limitations include the Seq platform. Paired-end reads were filtered and trimmed with fastp following: (1) only one or two PsA isolate results are reported for each v0.23.2 using default settings, and clean reads were used to call variant..."
EST-004,CONFLICTOS,"Financiación, conflictos de interés y consentimiento",1,"...aphylococcus aureus MSSA/MRSA 2 (22%)/1 (11%) participants. After suitable phage(s) were identified, a treatment pro- Achromobacter 2 (22%) tocol was reviewed with each participant’s CF physician. This protocol, phage manufacturing and the informed consent form were reviewed Stenotrophomonas, Burkholderia 0 and approved via US Food and Drug Administration (FDA) single patient Mycobacterium avium complex 1 (11%) investigational new drug (SPIND) and local institutional review boards. aIncludin..."
EST-004,CONFLICTOS,"Financiación, conflictos de interés y consentimiento",2,"...le patient Mycobacterium avium complex 1 (11%) investigational new drug (SPIND) and local institutional review boards. aIncluding c.1158G>T, 621+1G>T, CFTRdel2&3, G85E/Y913X, 3659delC, 3959delC, 3850-3T>G Each participants provided written informed consent. and R75Q. Demographics and clinical characteristics of nine pwCF before bacteriophage Inhaled phage therapy was given twice daily for inpatients (n = 4) or (phage) therapy. CFTR genetic mutations are characterized as delta F508 (delF508)..."
EST-004,CONFLICTOS,"Financiación, conflictos de interés y consentimiento",3,"...supplementary information, may also limit adaptive immune responses to phage, although this acknowledgements, peer review information; details of author contri- requires rigorous study. While we favor the above approaches, some butions and competing interests; and statements of data and code avail- naturally occurring phages are capable of broadly killing genotypes of ability are available at https://doi.org/10.1038/s41591-025-03678-8. host bacteria, including PsA33, and a general goal of phage..."
EST-008,ALEATORIZACION,"Secuencia de asignación y ocultamiento (RoB 2, dominio 1)",1,...Article https://doi.org/10.1038/s41467-025-60598-4 Phage therapy with nebulized cocktail BX004-A for chronic Pseudomonas fi aeruginosa infections in cystic brosis: a fi randomized rst-in-human trial Received:24August2024 Alistofauthorsandtheiraffiliationsappearsattheendofthepaper Accepted:29May2025 Publishedonline:01July2025 Cysticfibrosisisamonogeneticdiseasecomplicatedbyrecurrentbacterial lunginfectionsthatrequire...
EST-008,ALEATORIZACION,"Secuencia de asignación y ocultamiento (RoB 2, dominio 1)",2,"...isolate BHISinducesapatternmoresimilartofreshsputumascomparedto clinically relevant phages and optimize a three-phage cocktail for otherconditionstested(Fig.2D).Thus,while,asexpected,notested nebulizedtherapy.Weevaluatethisphagecocktailinarandomized medium exactly mimics the bacterial gene expression patterns first-in-human trial conducted in a population of pwCF chronically observedintheCFlung,wefoundsolidBHIStoinducetheclosest infectedwithP.aeruginosa. transcriptionalprofile, specif..."
EST-008,ALEATORIZACION,"Secuencia de asignación y ocultamiento (RoB 2, dominio 1)",3,"...re,bothstatisticalsignificance Toassessthesafety,tolerability,andmicrobiologicalefficacyofneb- and the impact of confounders should be monitored in larger ulizedBX004-A(termedBX004-A-Aintheclinicaltrial),weconducted studies. afirst-in-humanrandomizedclinicaltrial(thisstudyispart1ofaphase ToassesstheimpactofphagetherapyonCFsputummicrobiome, 1b/2astudy).NineadultvolunteerswithCFandchronicP.aeruginosa we applied 16S rRNA sequencing to the sputum samples collected pulmonary infection provi..."
EST-008,DESVIACIONES,"Desviaciones de la intervención asignada (RoB 2, dominio 2)",0,
EST-008,CEGAMIENTO,"Cegamiento de pacientes, personal y evaluadores (RoB 2 d.2 y d.4)",1,"...easinglyantibiotic-resistantpathogenassociatedwithcysticfibrosismor- bidityandmortality.Here,wedescribethedevelopmentofathree-phage cocktail(BX004-A)designedtotargetawiderangeofP.aeruginosastrains. WeevaluatedBX004-AinPart1ofafirst-in-humandouble-blindplacebo- controlledphase1b/2aclinicaltrial,whichincludednineadultcysticfibrosis patientschronicallyinfectedwithP.aeruginosa(NCT05010577).BX004-Amet theprimaryendpointsofsafetyandtolerability.Exploratoryendpoints includedpharmacokineticsandP..."
EST-008,CEGAMIENTO,"Cegamiento de pacientes, personal y evaluadores (RoB 2 d.2 y d.4)",2,"...Uni- ReviewBoards(IRBs)andallpatientsprovidedinformedconsent. versity,Seattle,WA,US). ThetrialisregisteredinNIHundertheClinicalTrials.govIdentifier NCT05010577. Assessment of phage counts. Fresh sputum samples were diluted This randomized, double-blind, placebo-controlled, multicenter andfilteredthrougha0.45µmfilter,aliquotedandstoredat−80°C. studysoughttoevaluatethesafetyandtolerabilityofBX004-AinCF FilteredsamplesweretestedbyPFUassayinduplicatesonthreehosts, subjects with chronic P. ae..."
EST-008,PERDIDAS,"Datos de desenlace faltantes (RoB 2, dominio 3)",0,
EST-008,MEDICION,"Medición del desenlace (RoB 2, dominio 4)",0,
EST-008,REPORTE,"Selección del resultado informado y registro previo (RoB 2, dominio 5)",1,"...tail(BX004-A)designedtotargetawiderangeofP.aeruginosastrains. WeevaluatedBX004-AinPart1ofafirst-in-humandouble-blindplacebo- controlledphase1b/2aclinicaltrial,whichincludednineadultcysticfibrosis patientschronicallyinfectedwithP.aeruginosa(NCT05010577).BX004-Amet theprimaryendpointsofsafetyandtolerability.Exploratoryendpoints includedpharmacokineticsandPseudomonasaeruginosasputumdensity reduction.Efficientphagedeliverytothelowerrespiratorytractwasobserved, andapotentialreductioninP.aeru..."
EST-008,REPORTE,"Selección del resultado informado y registro previo (RoB 2, dominio 5)",2,"...informed consent form were approved by the relevant Institutional Microbiological Outcomes Advancement Core (Washington Uni- ReviewBoards(IRBs)andallpatientsprovidedinformedconsent. versity,Seattle,WA,US). ThetrialisregisteredinNIHundertheClinicalTrials.govIdentifier NCT05010577. Assessment of phage counts. Fresh sputum samples were diluted This randomized, double-blind, placebo-controlled, multicenter andfilteredthrougha0.45µmfilter,aliquotedandstoredat−80°C. studysoughttoevaluatethesafetyan..."
EST-008,CONFUSION,"Confusión y selección de participantes (ROBINS-I, dominios 1 y 2)",1,"...eddoseof2.2×109PFUper throughout the trial (Fig. S9, Table S7), ruling out changes in P. dose(TableS3). aeruginosapopulationcomposition.Additionally,weassessedthe Thefinalphagecocktailwassubjectedtosafetyexperimentsinan impactoftwopotentialconfoundersintheBX004-Aarm:typeof ex-vivo three-dimensional modelofreconstitutedCFlung tissue,as inhaledantibioticanduseofaCFTRmodulator.Neithersubgroup wellasinaBalb/Cmousemodel.BX004-Adidnotcauseanytoxicity, analysis provided conclusive evidence of..."
EST-008,CONFUSION,"Confusión y selección de participantes (ROBINS-I, dominios 1 y 2)",2,"...intheBX004-Aarm:typeof ex-vivo three-dimensional modelofreconstitutedCFlung tissue,as inhaledantibioticanduseofaCFTRmodulator.Neithersubgroup wellasinaBalb/Cmousemodel.BX004-Adidnotcauseanytoxicity, analysis provided conclusive evidence of confounding effects morbidity,ornegativeclinicalsignsineithermodel(TableS4). (Fig. S10). However, given the small sample size of Part 1 of this first-in-human study, caution is warranted when interpreting Phase1b/2aclinicaltrial efficacy-relatedoutcom..."
EST-008,CONFUSION,"Confusión y selección de participantes (ROBINS-I, dominios 1 y 2)",3,"...1 of this first-in-human study, caution is warranted when interpreting Phase1b/2aclinicaltrial efficacy-relatedoutcomes.Therefore,bothstatisticalsignificance Toassessthesafety,tolerability,andmicrobiologicalefficacyofneb- and the impact of confounders should be monitored in larger ulizedBX004-A(termedBX004-A-Aintheclinicaltrial),weconducted studies. afirst-in-humanrandomizedclinicaltrial(thisstudyispart1ofaphase ToassesstheimpactofphagetherapyonCFsputummicrobiome, 1b/2astudy).Nineadult..."
EST-008,CLASIFICACION,"Clasificación de la intervención y su medición (ROBINS-I, d.3 y d.6)",1,...Article https://doi.org/10.1038/s41467-025-60598-4 Phage therapy with nebulized cocktail BX004-A for chronic Pseudomonas fi aeruginosa infections in cystic brosis: a fi randomized rst-in-human trial Received:24August2024 Alistofauthorsandtheiraffiliationsappearsattheendofthepaper Accepted:29May2025 Publishedonline:0...
EST-008,CLASIFICACION,"Clasificación de la intervención y su medición (ROBINS-I, d.3 y d.6)",2,"...tedbyrecurrentbacterial lunginfectionsthatrequirechronicantibiotics.Pseudomonasaeruginosaisan Checkforupdates increasinglyantibiotic-resistantpathogenassociatedwithcysticfibrosismor- bidityandmortality.Here,wedescribethedevelopmentofathree-phage cocktail(BX004-A)designedtotargetawiderangeofP.aeruginosastrains. WeevaluatedBX004-AinPart1ofafirst-in-humandouble-blindplacebo- controlledphase1b/2aclinicaltrial,whichincludednineadultcysticfibrosis patientschronicallyinfectedwithP.aeruginosa(NCT0..."
EST-008,CLASIFICACION,"Clasificación de la intervención y su medición (ROBINS-I, d.3 y d.6)",3,"...observed in CF respiratory thelackofacontrolgroup. infections35, we examined the transcriptomic profile of the alginate In this work, we set out to developa potent anti-P. aeruginosa biosynthesispathwaygenes.Hereweobservedthatgrowthonsolid phage cocktail applicable to a broad patient population. We isolate BHISinducesapatternmoresimilartofreshsputumascomparedto clinically relevant phages and optimize a three-phage cocktail for otherconditionstested(Fig.2D).Thus,while,asexpected,notested ne..."
EST-008,CASO,"Descripción del caso: demografía, historia, diagnóstico, seguimiento (JBI)",0,
EST-008,CONFLICTOS,"Financiación, conflictos de interés y consentimiento",1,"...l(thisstudyispart1ofaphase ToassesstheimpactofphagetherapyonCFsputummicrobiome, 1b/2astudy).NineadultvolunteerswithCFandchronicP.aeruginosa we applied 16S rRNA sequencing to the sputum samples collected pulmonary infection provided written informed consent and were frompatientsatbaseline,day8,andday15.First,wequantifiedthe randomlyassignedtoreceiveeitherBX004-A(7patients)oraplacebo relativeabundanceofP.aeruginosawithinthesputummicrobiome. NatureCommunications|(2025)16:5579 5Article https://d..."
EST-008,CONFLICTOS,"Financiación, conflictos de interés y consentimiento",2,"...gationalNewDrugapplications(IND)fromtheFDA,andinIsraelunder gibleforthestudyifalltheirisolateshadanEOPofatleast0.1to authorization of the Israeli Ministry of Health. The protocol and atleastoneofthecocktail’sphages.Testingwasperformedatthe informed consent form were approved by the relevant Institutional Microbiological Outcomes Advancement Core (Washington Uni- ReviewBoards(IRBs)andallpatientsprovidedinformedconsent. versity,Seattle,WA,US). ThetrialisregisteredinNIHundertheClinicalTrials.go..."
EST-021,ALEATORIZACION,"Secuencia de asignación y ocultamiento (RoB 2, dominio 1)",1,"...Efficacy and tolerability of a cocktail of bacteriophages to treat burn wounds infected by Pseudomonas aeruginosa (PhagoBurn): a randomised, controlled, double-blind phase 1/2 trial Patrick Jault, Thomas Leclerc, Serge Jennes, Jean Paul Pirnay, Yok-Ai Que, Gregory Resch, Anne Françoise Rousseau, François Ravat, Hervé Carsin, Ronan Le Floch, Jean Vivien Schaal, Charles Soler, C..."
EST-021,ALEATORIZACION,"Secuencia de asignación y ocultamiento (RoB 2, dominio 1)",2,"...to compare the efficacy and tolerability of a http://dx.doi.org/10.101 6/ S1473-3099(18)30482- cocktail of lytic anti-Pseudomonas aeruginosa bacteriophages with standard of care for patients with burns. 1 See Comment page 2 Methods In this randomised phase 1/2 trial, patients with a confirmed burn wound infection were recruited from Clinique de La Muette, Paris, nine burn centres in hospitals in France and Belgium. Patients were eligible if they were aged 18 years or older and France (..."
EST-021,ALEATORIZACION,"Secuencia de asignación y ocultamiento (RoB 2, dominio 1)",3,"..., Paris, nine burn centres in hospitals in France and Belgium. Patients were eligible if they were aged 18 years or older and France (P Jault MD); Centre de had a burn wound clinically infected with P aeruginosa. Eligible participants were randomly assigned (1:1) by use traitement des brûlés, Hôpital of an interactive web response system to a cocktail of 12 natural lytic anti-P aeruginosa bacteriophages (PP1131; 1 d’Instruction des Armées × 10⁶ plaque-forming units [PFU] per mL) or standard..."
EST-021,DESVIACIONES,"Desviaciones de la intervención asignada (RoB 2, dominio 2)",1,"...sessed by use of Intensivmedizin Inselspital, daily swabs in all participants with a microbiologically documented infection at day 0 who were given at least one Universitätsspital Bern, Bern, sulfadiazine silver or phage dressing (modified intention-to-treat population). Safety was assessed in all participants Switzerland (Prof Y-A Que MD); who received at least one dressing according to protocol. Ancillary studies were done in the per-protocol population Department of Fundamental Microbiology..."
EST-021,DESVIACIONES,"Desviaciones de la intervención asignada (RoB 2, dominio 2)",2,"...igure 1: Trial profile The safety population contains participants who were given at least one dressing. mITT population includes all patients from the safety population with a microbiologically documented infection at day 0. mITT=modified intention to treat. PP1131=cocktail of 12 natural lytic anti-Pseudomonas aeruginosa bacteriophages. *Patient randomised on the day the trial was suspended (Jan 2, 2016). †Patient was exposed to treatment for a different clinical study. Data collection labora..."
EST-021,DESVIACIONES,"Desviaciones de la intervención asignada (RoB 2, dominio 2)",3,"...rden of two quadrants or more assessed by a burn wound infected with Pseudomonas aeruginosa who were given at least one application of PP1131 or standard of care. mITT=modified semiquantitative culture results, adjusted to newly introduced intention to treat. antibiotic treatment (active on targeted P aeruginosa strain). If a PP1131=cocktail of 12 natural lytic anti-Pseudomonas aeruginosa participant presented with multiple wounds infected with P bacteriophages. TBSA=total body surface area. a..."
EST-021,CEGAMIENTO,"Cegamiento de pacientes, personal y evaluadores (RoB 2 d.2 y d.4)",1,"...Efficacy and tolerability of a cocktail of bacteriophages to treat burn wounds infected by Pseudomonas aeruginosa (PhagoBurn): a randomised, controlled, double-blind phase 1/2 trial Patrick Jault, Thomas Leclerc, Serge Jennes, Jean Paul Pirnay, Yok-Ai Que, Gregory Resch, Anne Françoise Rousseau, François Ravat, Hervé Carsin, Ronan Le Floch, Jean Vivien Schaal, Charles Soler, Cindy Fevre, Isabelle Arnau..."
EST-021,CEGAMIENTO,"Cegamiento de pacientes, personal y evaluadores (RoB 2 d.2 y d.4)",2,"...eatment from clinicians was not MD, C Soler MD); Burn unit, possible because of the appearance of the two treatments (standard of care a thick cream, PP1131 a clear liquid Queen Astrid Military applied via a dressing), but assignments were masked from microbiologists who analysed the samples and patients Hospital, Brussels, Belgium (S (treatment applied while patients were under general anaesthetic). The primary endpoint was median time to Jennes MD, J P Pirnay PhD); Klinik für sus..."
EST-021,CEGAMIENTO,"Cegamiento de pacientes, personal y evaluadores (RoB 2 d.2 y d.4)",3,"...compared with standard of care in patients with infected burn wounds. signs (ie, clinical or biological signs of Methods sepsis), and meeting one or more of the Study design and participants following consensual In this multicentre, double­blind, randomised phase 1/2 trial, participants were recruited from Hôpital d’instruction des clinical infection armées Percy in Paris, France, and five other specialised burn centres in hospitals in Lyon, Nantes, Metz, Toulon, and criteria of t..."
EST-021,PERDIDAS,"Datos de desenlace faltantes (RoB 2, dominio 3)",1,"...ming and indication of adjunctive systemic antibiotic treatment that has activity on the pathogenic strain; incidence and time of first diagnosis of any novel bacterial infections during the 7 days of treatment; and reasons for participant withdrawal from the study (eg, tolerability). Safety assessments included frequency, duration, and severity of adverse events, clinical laboratory tests (haematology, chemical, and urine analyses), vital sign measure ments, physical examinations, and..."
EST-021,PERDIDAS,"Datos de desenlace faltantes (RoB 2, dominio 3)",2,"...cruited over a period of 7 months and hence is not reported here. Statistical analysis Considering the paucity of evidence on the efficacy of phage therapy, we set the desired original sample size at 125 participants. With an estimated 20% dropout rate, we calculated that this sample size should detect a twice as fast reduction in bacterial burden between groups, with a two­sided 5% significance level and a power of 90%. We reported continuous normally and non­normally distributed v..."
EST-021,PERDIDAS,"Datos de desenlace faltantes (RoB 2, dominio 3)",3,"...l population). A freshly prepared PP1131 cocktail was tested on P aeruginosa colonies isolated at day 0 from the most infected wounds. Samples taken from two participants had 42 www.thelancet.com/infection Vol 19 January 2019Articles to be excluded from analysis because no colony systemic use of antibiotics active against the regrowth was seen from infecting strain, either ongoing at day 0 or introduced later during study treatment. To our Number Susceptible Susceptible knowledge, this is the firs..."
EST-021,MEDICION,"Medición del desenlace (RoB 2, dominio 4)",1,"...uid Queen Astrid Military applied via a dressing), but assignments were masked from microbiologists who analysed the samples and patients Hospital, Brussels, Belgium (S (treatment applied while patients were under general anaesthetic). The primary endpoint was median time to Jennes MD, J P Pirnay PhD); Klinik für sustained reduction in bacterial burden by at least two quadrants via a four-quadrant method, assessed by use of Intensivmedizin Inselspital, daily swabs in all participants with a..."
EST-021,MEDICION,"Medición del desenlace (RoB 2, dominio 4)",2,"...acy Centre Hospitalier St Joseph et St Luc, Lyon, France population of 25 patients (PP1131 n=12, standard of care n=13). The trial was stopped on Jan 2, 2017, because of (F Ravat MD); CHR Hôpital de the insufficient efficacy of PP1131. The primary endpoint was reached in a median of 144 h (95% CI 48–not reached) Mercy Metz Thionville, in the PP1131 group versus a median of 47 h (23–122) in the standard of care group (hazard ratio 0·29, 95% CI Thionville, France (H Carsin 0·10–0·79; p=0·018)...."
EST-021,MEDICION,"Medición del desenlace (RoB 2, dominio 4)",3,"...However, because burn dressings were changed while participants were under general anaesthesia, treatment allocation was masked from them. Treatment allocation was masked from microbiologists who did the microbiological evaluations for the primary endpoint and investigators. Procedures The cocktail of 12 natural lytic anti­P aeruginosa bacteriophages, PP1131, was designed and qualified (ie, tested in agreement with quality control tests of the regulator) by Pherecydes Pharma (Romainville, Fr..."
EST-021,REPORTE,"Selección del resultado informado y registro previo (RoB 2, dominio 5)",1,"...the per-protocol population Department of Fundamental Microbiology, University of (all PP1131 participants who completed 7 days of treatment) to assess the reasons for success or failure of phage Lausanne, Lausanne, therapy. This trial is registered with the European Clinical Trials database, number 2014-000714-65, and Switzerland (G Resch PhD); ClinicalTrials.gov, number NCT02116010, and is now closed. Centre des Brûlés et Soins Intensifs Généraux, CHU Sart-Tilman, Campus Findings Between..."
EST-021,REPORTE,"Selección del resultado informado y registro previo (RoB 2, dominio 5)",2,"...all statistical standard of care group (11 [85%]), although this result was not analyses, tables, graphs, and subject data significant (p=0·097). listings. In the Cox regression analysis, adjusted for ongoing active antibiotic The study is registered with the European use at inclusion (stratification variable) and active antibiotics introduced Medicine Agency, number EudraCT while on study treatment (potentially confounding factor), being in the 2014­000714­65, and ClinicalTrials.gov, PP113..."
EST-021,REPORTE,"Selección del resultado informado y registro previo (RoB 2, dominio 5)",3,"...iotics introduced Medicine Agency, number EudraCT while on study treatment (potentially confounding factor), being in the 2014­000714­65, and ClinicalTrials.gov, PP1131 group was the only predictor associated with a reduction in the number NCT02116010. time to bacterial burden (HR 0·24, 95% CI 0·08–0·75; p=0·014; appendix p 11). Role of the funding source Considering all infected areas without adjustment for antibiotic The funder of the study had no role in study treatment, no significa..."
EST-021,CONFUSION,"Confusión y selección de participantes (ROBINS-I, dominios 1 y 2)",1,"...ure. Phages were discovered by Frederik Twort in 1915 and phage therapy was Research in context manufacturing practices and approved by three national health regulators. Although the effect was slower than in Evidence before this study the control group, we found that our phage cocktail Human phage therapy is empirical and only used routinely reduced bacterial burden in the infected wounds of in Georgia, Poland, and Russia. Although medical standards patients with burns, one of the most d..."
EST-021,CONFUSION,"Confusión y selección de participantes (ROBINS-I, dominios 1 y 2)",2,"...according to good first described by Felix d’Herelle in 1917 as a complex process.1 10 years after these discoveries made to the protocol antibiotics emerged and their ease of use resulted in phage therapy being essentially abandoned. and inclusion criteria With the emergence of antibiotic resistance, phage therapy now seems to be a promising alternative in light of safety to antibiotics, with some successful case reports2–4 supported by a large fundamental knowledge reviews, such that base.5..."
EST-021,CONFUSION,"Confusión y selección de participantes (ROBINS-I, dominios 1 y 2)",3,"...the trial. spontaneous 36 www.thelancet.com/infection Vol 19 January 2019Articles debridement. Initially, only P aeruginosa had to be isolated from the wound; however, the data and safety monitoring board French Burn Society added two new eligibility criteria for the second period of the study: first, the patient’s Sequential Organ Failure Assessment recommendations.9 score must not increase by more than 2 points in the 48 h before inclusion, and second, wounds can be infected with P aeruginosa..."
EST-021,CLASIFICACION,"Clasificación de la intervención y su medición (ROBINS-I, d.3 y d.6)",1,"...sa. Eligible participants were randomly assigned (1:1) by use traitement des brûlés, Hôpital of an interactive web response system to a cocktail of 12 natural lytic anti-P aeruginosa bacteriophages (PP1131; 1 d’Instruction des Armées × 10⁶ plaque-forming units [PFU] per mL) or standard of care (1% sulfadiazine silver emulsion cream), both given Percy, Clamart, France (Prof T Leclerc MD, J V Schaal as a daily topical treatment for 7 days, with 14 days of follow-up. Masking of treatment from..."
EST-021,CLASIFICACION,"Clasificación de la intervención y su medición (ROBINS-I, d.3 y d.6)",2,"...le, France (H Carsin 0·10–0·79; p=0·018). In the PP1131 group, six (50%) of 12 analysable participants had a maximal bacterial burden MD); Réanimation chirurgicale et des brûlés, versus two (15%) of 13 in the standard of care group. PP1131 titre decreased after manufacturing and participants Plateau technique médico- were given a lower concentration of phages than expected (1 × 10² PFU/mL per daily dose). In the PP1131 group, chirurgical, CHU Nantes, three (23%) of 13 analysable p..."
EST-021,CLASIFICACION,"Clasificación de la intervención y su medición (ROBINS-I, d.3 y d.6)",3,"...etermined to not be related to treatment. (R Le Floch MD); Pherecydes Pharma SA, Romainville, The ancillary study showed that the bacteria isolated from patients with failed PP1131 treatment were resistant to France (C Fevre PhD, low phage doses. J Gabard PhD); and Clean Cells, Boufféré, France (I Arnaud Interpretation At very low concentrations, PP1131 decreased bacterial burden in burn wounds at a slower pace than PhD, L Bretaudeau PhD) standard of care. Further studies using i..."
EST-021,CASO,"Descripción del caso: demografía, historia, diagnóstico, seguimiento (JBI)",1,"...for participant withdrawal from the study (eg, tolerability). Safety assessments included frequency, duration, and severity of adverse events, clinical laboratory tests (haematology, chemical, and urine analyses), vital sign measure ments, physical examinations, and clinical assessment of burn wounds. Adverse events were described using the system organ classes and preferred terms of the MedDRA dictionary (version 18.0).13 The trial was also designed to evaluate an antiEscherichia coli fixed coc..."
EST-021,CONFLICTOS,"Financiación, conflictos de interés y consentimiento",1,"...standard of care. Further studies using increased phage concentrations and phagograms in a larger sample of Correspondence to: Dr Patrick Jault, Clinique de La participants are warranted. Muette, Paris 75116, France jaultpatrick@gmail.com Funding European Commission: Framework Programme 7. Copyright © 2018 Elsevier Ltd. All rights reserved. Articles www.thelancet.com/infection Vol 19 January 2019 35Articles Introduction Patients were recruited over two Lytic bacteriophages replicat..."
EST-021,CONFLICTOS,"Financiación, conflictos de interés y consentimiento",2,"...the French Ministry of Defence, inflammation, pus, and in Belgium it was overseen by The Royal Military Academy. Ethical approval of the study protocol was given by delayed healing or each country’s regulatory agency and by the appropriate institutional review boards. An independent data and safety wound reopening, and monitoring board was appointed by the principal investigator (PJ) to review safety during the trial. spontaneous 36 www.thelancet.com/infection Vol 19 January 2019Articles debride..."
EST-021,CONFLICTOS,"Financiación, conflictos de interés y consentimiento",3,"...for women, comorbid conditions that might interfere with analytical results, and any adverse reaction to the standard of care treatment (full exclusion criteria, with second recruitment period amendments, are in the appendix, p 2). Written informed consent was provided by the participants or their next of kin. Randomisation and masking After confirmation of infection, participants were randomly assigned (1:1) to receive PP1131 or standard of care by use of an interactive web response system..."
EST-055,ALEATORIZACION,"Secuencia de asignación y ocultamiento (RoB 2, dominio 1)",1,"...e(differential,typicalsymptoms, andQoLdomain)andanincreasedvolumeofvoidsafter14days oftherapy. Bacteriophagetherapyhasbeendescribedinseveralclinicaltri- als,demonstratingpromiseintreatingUTIscausedbyantibiotic- resistant uropathogens. In a randomized, placebo-controlled, double-blindstudy,Leitneretal.[19]haveshownthatintravesical bacteriophagetherapywithPyophagewasnotlesseffectivethan standardantibiotictreatmentbutwasalsonotmoreeffectivethan placebo.Inacasereportofa56-year-oldmanwithre..."
EST-055,ALEATORIZACION,"Secuencia de asignación y ocultamiento (RoB 2, dominio 1)",2,"...netobacterbaumannii biofilminahumanurinemodel.MicrobDrugResist2021;27:25–35. [19] LeitnerL,UjmajuridzeA,ChanishviliN,etal.Intravesicalbacteriophages fortreatingurinarytractinfectionsinpatientsundergoingtransurethral resectionoftheprostate:Arandomised,placebo-controlled,double-blind clinicaltrial.LancetInfectDis2021;21:427–436. 4elbaT .spuorg4nitnemtaertfo)B(syad41dna)A(syad7taenilesabmorfycneuqerfyranirudna,enirufoemulovdediov,airutycokuellevelfonosirapmocehT -laksurK(p VIpuorG +egahpa..."
EST-055,DESVIACIONES,"Desviaciones de la intervención asignada (RoB 2, dominio 2)",0,
EST-055,CEGAMIENTO,"Cegamiento de pacientes, personal y evaluadores (RoB 2 d.2 y d.4)",1,"...al,typicalsymptoms, andQoLdomain)andanincreasedvolumeofvoidsafter14days oftherapy. Bacteriophagetherapyhasbeendescribedinseveralclinicaltri- als,demonstratingpromiseintreatingUTIscausedbyantibiotic- resistant uropathogens. In a randomized, placebo-controlled, double-blindstudy,Leitneretal.[19]haveshownthatintravesical bacteriophagetherapywithPyophagewasnotlesseffectivethan standardantibiotictreatmentbutwasalsonotmoreeffectivethan placebo.Inacasereportofa56-year-oldmanwithrecurrentUTI, Terwilli..."
EST-055,CEGAMIENTO,"Cegamiento de pacientes, personal y evaluadores (RoB 2 d.2 y d.4)",2,"...and then using antibiotics to which there is no theeffluxpumpmechanism,achievedbythebindingoflyticbac- resistance could be an effective treatment regimen. There is a teriophagestothereceptor-bindingsitesontheoutermembrane need for larger, placebo-controlled clinical studies to explore of MDRB.[8] Valério et al.[25] have reported that the combina- thisarea. tionofphageandciprofloxacinatsublethalconcentrationssig- nificantly decreased the levels of E. coli bacteriuria compared Acknowledgments w..."
EST-055,CEGAMIENTO,"Cegamiento de pacientes, personal y evaluadores (RoB 2 d.2 y d.4)",3,"...aumannii biofilminahumanurinemodel.MicrobDrugResist2021;27:25–35. [19] LeitnerL,UjmajuridzeA,ChanishviliN,etal.Intravesicalbacteriophages fortreatingurinarytractinfectionsinpatientsundergoingtransurethral resectionoftheprostate:Arandomised,placebo-controlled,double-blind clinicaltrial.LancetInfectDis2021;21:427–436. 4elbaT .spuorg4nitnemtaertfo)B(syad41dna)A(syad7taenilesabmorfycneuqerfyranirudna,enirufoemulovdediov,airutycokuellevelfonosirapmocehT -laksurK(p VIpuorG +egahpatxeS(IIIpuorG IIpuo..."
EST-055,PERDIDAS,"Datos de desenlace faltantes (RoB 2, dominio 3)",1,"...res. At 90% power and a bacteriophage(Sextaphage)therapyalone;groupII:combination 5%2-sidedsignificancelevel,weestimatedasamplesizeof44in- ofbacteriophages(Sextaphage)andfurazidin;groupIII:combina- dividualsineachgroup.Takingaccountofthe20%dropoutrate, tionbacteriophage(Sextaphage)andfurazidinwithcefixime;and werequired45participantsineachgroup,givingatotalsample groupIVreceivedfurazidinandcefixime(withoutbacteriophage). size of 180. The treatment effects were also compared with the..."
EST-055,MEDICION,"Medición del desenlace (RoB 2, dominio 4)",0,
EST-055,REPORTE,"Selección del resultado informado y registro previo (RoB 2, dominio 5)",0,
EST-055,CONFUSION,"Confusión y selección de participantes (ROBINS-I, dominios 1 y 2)",0,
EST-055,CLASIFICACION,"Clasificación de la intervención y su medición (ROBINS-I, d.3 y d.6)",1,"...eudomonasaeruginosa,enteropatho- Atotalof217femalepatientswithchronicrecurrentcystitiswere genic E. coli, and Klebsiella pneumoniae. The treatment included recruitedforthestudyfromJune2020toDecember2022.During both monotherapy with bacteriophage cocktail (Sextaphage) theenrollmentperiod,39womenwereexcludedfromthestudy (30 mL, orally, 6 times a day) and its combination with cefixime for various reasons, including urethral catheterization (n = 7), Table1 Baselineclinicalanddemographiccharact..."
EST-055,CLASIFICACION,"Clasificación de la intervención y su medición (ROBINS-I, d.3 y d.6)",2,"...multidrug- resistant microorganisms are crucial.[16] Bacteriophage therapy isconsideredapotentiallyeffectivemethodfortreatingbacterial infectionscausedbymultidrug-resistantpathogens.[17] According to our data, the combination of a bacteriophage cocktail (Sextaphage) with antibiotics (furazidin + cefixime or furazidinalone)hadamoresignificanteffectontheclinicalsymp- tomsofchronicrecurrentcystitisthanbacteriophagemonother- apy.Inthehumanurinemodel,Grygorcewiczetal.[18]havedem- onstrated sim..."
EST-055,CLASIFICACION,"Clasificación de la intervención y su medición (ROBINS-I, d.3 y d.6)",3,"...efixime or furazidinalone)hadamoresignificanteffectontheclinicalsymp- tomsofchronicrecurrentcystitisthanbacteriophagemonother- apy.Inthehumanurinemodel,Grygorcewiczetal.[18]havedem- onstrated similar effects of the combination of a bacteriophage cocktailandsomeoftheantibioticscommonlyusedforthetreatment ofUTI(sulfamethoxazole/trimethoprim,ciprofloxacin,levofloxacin, imipenem,andmeropenem)intheeradicationofbiofilmbiomassof Acinetobacterbaumannii. Thewomenwhoreceivedcombinationtherapyexperie..."
EST-055,CASO,"Descripción del caso: demografía, historia, diagnóstico, seguimiento (JBI)",1,"...onofbacteriophagetherapywithantibioticsandbacte- riophagetreatmentaloneonrelievingclinicalsymptomsofchronicrecurrentcystitiscausedbymultidrug-resistantbacteria. Materials and methods: This clinical trial comparedthe treatment methods of 217female patientswith chronic recurrent cystitis causedbymultidrug-resistantbacteria,whowereinvestigatedfromJune2020toMay2023.Patientswereallocatedinto4groups: groupI:receivedbacteriophage(Sextaphage)therapyalone;groupII:receivedacombinationofbacteriophage..."
EST-055,CASO,"Descripción del caso: demografía, historia, diagnóstico, seguimiento (JBI)",2,"...n placebo.Inacasereportofa56-year-oldmanwithrecurrentUTI, Terwilligeretal.[20]havedemonstratedthattheuseofabacterio- phagecocktailalongwithertapenemmayleadtocompletebacterial eradication and prevention of phage resistance. In another case, a 63-year-oldwomanwithrecurrentUTIcausedbymultidrug-resistant KlebsiellapneumoniaewassuccessfullytreatedbyBaoetal.[21]The combinationofsulfamethoxazole-trimethoprimandaphagecock- tail effectively treated the disease despite initial resistance to the ant..."
EST-055,CASO,"Descripción del caso: demografía, historia, diagnóstico, seguimiento (JBI)",3,"...ataavailability Alldatageneratedoranalyzedduringthisstudyareincludedinthis publishedarticle[anditssupplementaryinformationfiles]. References [1] WaldorffMS,BjerrumL,HolmA,etal.Influenceofantimicrobialresistance on the course of symptoms in female patients treated for uncomplicated cystitiscausedbyEscherichiacoli.Antibiotics(Basel)2022;11:188. [2] BaderMS,LoebM,BrooksAA.Anupdateonthemanagementofurinary tractinfectionsintheeraofantimicrobialresistance.PostgradMed2017; 129:242–258. [3] AngerJ..."
EST-055,CONFLICTOS,"Financiación, conflictos de interés y consentimiento",1,"...fintereststatement Abacteriophagecocktail,eitheraloneorincombinationwith Allauthorsdeclarethattheyhavenoconflictsofinterest. antibiotics, may improve clinical symptoms in women with chronicrecurrentcystitiscausedbymultidrug-resistantbacte- Fundingsource rialpathogens.Inadditiontosymptomimprovement,therapy with a phage cocktail may resensitize microbes to antibiotics. None. 130Authorcontributions DK:Researchdesign,writing,dataanalysis,projectdevelopment; NI:Editing,writing; GB:Editin..."
EST-063,ALEATORIZACION,"Secuencia de asignación y ocultamiento (RoB 2, dominio 1)",1,"...rated treatment in children with Received 7 July 2022 HOW THIS STUDY MIGHT AFFECT RESEARCH, Accepted 21 April 2023 CF infected with P. aeruginosa infection in their airways. PRACTICE OR POLICY Methods This single- arm, open- labelled, non- randomised trial will run for a maximum period of 36 months with up to ⇒ If our hypothesis is supported, our study will pave 10 participants. Adolescents (≥12 years and <18 years of the way for the use of bacteriophages in children age) who continue..."
EST-063,ALEATORIZACION,"Secuencia de asignación y ocultamiento (RoB 2, dominio 1)",2,"...ome are known to affect multiple strains of the Design bacteria.28–30 The microbiota has been shown to be less This trial is designed as a small, pilot, single-a rm, open- affected by phages when compared with antibiotics31; labelled, non- randomised, safety and tolerability study this has been shown in both murine and human studies with a primary endpoint of tolerance towards endo- (adults and children).32 33 A trial performed in children bronchially instilled initial phage dose follo..."
EST-063,ALEATORIZACION,"Secuencia de asignación y ocultamiento (RoB 2, dominio 1)",3,"...ISTRY-MANUFACTURING-AND absorption viraemia of T3 phages after oral, trachéal and rectal 62 Teper A, Jaques A, Charlton B. Inhaled mannitol in patients with administration. Zentralblatt Fur Bakteriologie, Parasitenkunde, cystic fibrosis: a randomised open- label dose response trial. J Cyst Infektionskrankheiten Und Hygiene 1965;198:371–90. Fibros 2011;10:1–8. 38 Majewska J, Beta W, Lecion D, et al. Oral application of T4 phage 63 DELACOSTE P. Considerations on the treatment of common i..."
EST-063,DESVIACIONES,"Desviaciones de la intervención asignada (RoB 2, dominio 2)",1,"...in of intrabronchial and nebulised aggressive antibiotic treatment. This predisposes the patient the treatment of resistant bacterial infections based bacteriophage treatment to complications such as sensorineural hearing loss, renal on a compassionate use basis. in children with cystic impairment, hypersensitivity and the development of antibiotic fibrosis and Pseudomonas WHAT THIS STUDY ADDS resistance. Pseudomonas aeruginosa is one of the more aeruginosa. BMJ Open Resp common organisms wh..."
EST-063,CEGAMIENTO,"Cegamiento de pacientes, personal y evaluadores (RoB 2 d.2 y d.4)",0,
EST-063,PERDIDAS,"Datos de desenlace faltantes (RoB 2, dominio 3)",1,...is includes methods such elimination rate constant Primary outcomes (safety and tolerance) obtained from the log transformed concentration-t ime Treatment success will be defined as the absence of the curve. Data of study participants that drop out of the following adverse events: study will be used up to the last available data point ► Fever >38.5°C over three consecutive temporally before the drop- out date. related administration or three episodes of tempo- rally related fever abo...
EST-063,MEDICION,"Medición del desenlace (RoB 2, dominio 4)",1,"...affects mucous, standard CF treatment (intravenous antibiotics, physiotherapy sweat and digestive enzyme production, and to be completed as inpatient for 10–14 days). Safety and is characterised by recurrent pulmonary tolerability will be defined as the absence of (1) fever infections, each of which requires aggres- above 38.5°C occurring within 1 hour of the administration sive antibiotic treatment. One of the most of the nebulised bacteriophage, (2) a 10% decline in common organisms that affect..."
EST-063,MEDICION,"Medición del desenlace (RoB 2, dominio 4)",2,"...be less This trial is designed as a small, pilot, single-a rm, open- affected by phages when compared with antibiotics31; labelled, non- randomised, safety and tolerability study this has been shown in both murine and human studies with a primary endpoint of tolerance towards endo- (adults and children).32 33 A trial performed in children bronchially instilled initial phage dose followed by with diarrhoeal disease demonstrated that phages pass maintenance treatment via nebulisation. This st..."
EST-063,MEDICION,"Medición del desenlace (RoB 2, dominio 4)",3,"...n, isolation, purification, viability lised bacteriophage despite a reduction of dosing and testing and sterility data template. pretreatment with inhaled salbutamol.62 ► Bronchoscopy report. ► Lung function indices and anthropometric data Secondary outcomes (weight and height) will be obtained from standard- A reduction in sputum bacterial culture titres of P. aerugi- ised measurements and report available on the study nosa from pretreatment to day 7 of treatment. participants’ electronic me..."
EST-063,REPORTE,"Selección del resultado informado y registro previo (RoB 2, dominio 5)",1,"...y has legislation, (3) National Health and Medical Research Council 2.6 times higher risk of death within 8 years Correspondence to guidelines for the ethical conduct of research. when compared with a child with CF who has Dr Jagdev Singh; Trial registration number Australia and New Zealand not been infected with the organism. These J agdev.s ingh@h ealth.n sw. Clinical Trial Registry (ACTRN12622000767707). gov.a u children also have a lower baseline weight Singh J, et al. BMJ Open Resp Res 20..."
EST-063,CONFUSION,"Confusión y selección de participantes (ROBINS-I, dominios 1 y 2)",1,...diagnosed immu- Patient and public involvement nosuppressive condition. None. ► Children that require ≥18 hours/day of non- invasive ventilatory support during admission. Study population ► A current diagnosis of allergic bronchopulmonary Inclusion criteria aspergillosis (ABPA). ► Adolescents (≥12 years and <18 years of age) with CF. ► History of haemoptysis in the past 12 months before ► Positive sputum or bronchoalveolar lavage culture (P. study enrolment. aeruginosa) in more than 50% of sp...
EST-063,CLASIFICACION,"Clasificación de la intervención y su medición (ROBINS-I, d.3 y d.6)",1,"...Open Access Respiratory infection Single- arm, open- labelled, safety and tolerability of intrabronchial and nebulised bacteriophage treatment in children with cystic fibrosis and Pseudomonas aeruginosa Jagdev Singh ,1,2 Dominic A Fitzgerald,1,2 Adam Jaffe,3 Sharon Hunt,1 Jeremy J Barr,4 Jonathan Iredell,5,6 Hiran Selvadurai1,2 To cite: Singh J, Fitzgera..."
EST-063,CLASIFICACION,"Clasificación de la intervención y su medición (ROBINS-I, d.3 y d.6)",2,"...pen- Introduction Cystic fibrosis (CF) is a multisystem condition labelled, safety and tolerability that is complicated by recurrent pulmonary infections requiring ⇒ Bacteriophages are demonstrating great potential in of intrabronchial and nebulised aggressive antibiotic treatment. This predisposes the patient the treatment of resistant bacterial infections based bacteriophage treatment to complications such as sensorineural hearing loss, renal on a compassionate use basis. in child..."
EST-063,CLASIFICACION,"Clasificación de la intervención y su medición (ROBINS-I, d.3 y d.6)",3,"...uring practice recommendations. The selected bacteriophage will be condition of the lungs, exocrine organs administered endo-b ronchially first under direct vision, followed and gastrointestinal tract that occurs in 1 in by two times a day nebulisation for 7 days in addition to 2500 births. This condition affects mucous, standard CF treatment (intravenous antibiotics, physiotherapy sweat and digestive enzyme production, and to be completed as inpatient for 10–14 days). Safety and is..."
EST-063,CASO,"Descripción del caso: demografía, historia, diagnóstico, seguimiento (JBI)",0,
EST-063,CONFLICTOS,"Financiación, conflictos de interés y consentimiento",1,"...tions Pseudomonas This table was adapted from Abedon et al. These studies that have been cited may be in languages other than English and therefore are obtained from a summarised review article that has been published in English.69 Network Ethics committee (ethics approval number antipseudomonal antibiotics and/or is currently on 2022/ETH00241, version 3). Amendments will be noti- suppressive nebulised antibiotic treatment. fied to the approving ethics committee and is subject ► The latest c..."
EST-063,CONFLICTOS,"Financiación, conflictos de interés y consentimiento",2,"...y (for bronchoalveolar gator. A severe unexpected side effect report will be only), IgG, IgA, IgM, phage neutralising antibodies); submitted to the Sydney Children’s Hospital Network blood sample (full blood count, renal and liver profile, Ethics committee. C reactive protein, blood culture, interleukin 6, TNFα, Ancillary and post- trial care will be provided by the IgG, IgA, IgM, nanoString RNA sequencing, phage Sydney Children Hospital Network. neutralising antibodies); stool sample (bacte..."
EST-063,CONFLICTOS,"Financiación, conflictos de interés y consentimiento",3,...the initial and final versions of the manuscript. All authors critically reviewed early and final versions of the participant (before administering the bacteriophage and manuscript. at the end of admission). Auditing of record keeping and Funding This study was funded by the Cure4CF Holckner Family Impact Grant and adherence to protocol will be based on the stipulation by The Team Simon Foundation for Cystic Fibrosis. the Sydney Children’s Hospital Network Ethics Committee. Competi...
EST-070,ALEATORIZACION,"Secuencia de asignación y ocultamiento (RoB 2, dominio 1)",0,
EST-070,DESVIACIONES,"Desviaciones de la intervención asignada (RoB 2, dominio 2)",1,"...Open Forum Infectious Diseases MAJOR ARTICLE Compassionate Use of Bacteriophages for Failed Persistent Infections During the First 5 Years of the Israeli Phage Therapy Center Hadil Onallah,1,2Ronen Hazan,2,3and Ran Nir-Paz,1,2,4for the Israeli Phage Therapy Center (IPTC) Study Teama 1Faculty of Medici..."
EST-070,DESVIACIONES,"Desviaciones de la intervención asignada (RoB 2, dominio 2)",2,"...erapy courses were given to 18 patients by the IPTC. In 77.7% (n = 14) of the cases, a favorable clinical outcome of infection remission or recovery was seen. Clearly, establishing an Israeli phage center has led to an increased demand for compassionate use of phages with favorable outcomes for many previously failed infections. As clinical trials are still lacking, publishing patient data from cohort studies is pertinent to establish clinical indications, protocols, and success and failure r..."
EST-070,DESVIACIONES,"Desviaciones de la intervención asignada (RoB 2, dominio 2)",3,"...age matching process were the main reasons for failure. sisted of 2 treatment cycles. The follow-up period varied No major side effects were reported by the patients during from 1 month and up to 3 years. Of the 20 patients, 2 are cur- the compassionate use phage treatment. One patient (treat- rently undergoing treatment based on their protocol, and no ments 6 and 8) reported headaches 1 hour after each intrave- outcome evaluation is available for them yet. Among the re- nous treatment, and 2..."
EST-070,CEGAMIENTO,"Cegamiento de pacientes, personal y evaluadores (RoB 2 d.2 y d.4)",0,
EST-070,PERDIDAS,"Datos de desenlace faltantes (RoB 2, dominio 3)",0,
EST-070,MEDICION,"Medición del desenlace (RoB 2, dominio 4)",1,"...ical cultures together with positron emission The phage sourcing process, including phage isolation, charac- tomography/magnetic resonance imaging negative for infec- terization, and full genome sequence, in addition to tion. Remission was defined as the absence of clinical signs of 2 • OFID • Onallah et al Downloaded from academic.oup.com/ofid/article/10/5/ofad221/7133195 by guest on 20 August 2026A B C Figure 1. A, Phage request registry and processing workflow at the Israeli Phage Therapy Cente..."
EST-070,REPORTE,"Selección del resultado informado y registro previo (RoB 2, dominio 5)",0,
EST-070,CONFUSION,"Confusión y selección de participantes (ROBINS-I, dominios 1 y 2)",0,
EST-070,CLASIFICACION,"Clasificación de la intervención y su medición (ROBINS-I, d.3 y d.6)",1,"...TC is currently the leading therapy for patients and their specific bacterial infections [8–14]. and only center in Israel focusing on phage therapy. It provides all services related to phage therapy—phage discovery and charac- terization, phage susceptibility and matching tests, authorization of Received 05 January 2023; editorial decision 17 April 2023; accepted 19 April 2023; pub- lished online 20 April 2023 treatments for patients from Israel and abroad, and delivering and aMembers of the IP..."
EST-070,CLASIFICACION,"Clasificación de la intervención y su medición (ROBINS-I, d.3 y d.6)",2,"...at The Hebrew University of Jerusalem (Hazan Laboratory) according to a Microbial Identification and Resistance Testing framework previously published by the group [23, 24]. In all Israeli centers, clinical microbiology laboratories follow Phage susceptibility testing was performed in several steps, pathogen identification using matrix-assisted laser desorp- using at least 3 methods [24]. First, a spot assay screen, using tion/ionization–time of flight (MALDI-TOF) and the Vitek all relevant phag..."
EST-070,CLASIFICACION,"Clasificación de la intervención y su medición (ROBINS-I, d.3 y d.6)",3,"...hages in our phage bank, was performed [23]. system. All the strains (Israeli and abroad) that were submitted Phages that yielded clear plaques in this assay were picked for have undergone identification and sensitivity testing according a plaque-forming unit count. The third step was kinetic deter- to the routine clinical microbiology laboratory at the Hadassah mination of the efficacy of the phages with and without the rel- Medical Center. Pathogen identification of all isolates was car-..."
EST-070,CASO,"Descripción del caso: demografía, historia, diagnóstico, seguimiento (JBI)",1,"...22. The following data were collected: patient Phage Therapy in Israel • OFID • 1 Downloaded from academic.oup.com/ofid/article/10/5/ofad221/7133195 by guest on 20 August 2026demographics, clinical indication, bacterial pathogen, and anti- susceptibility testing and phage-antibiotic kinetic assays, were biotic susceptibility of the pathogen. performed by the Israeli Phage Bank at The Hebrew University of Jerusalem (Hazan Laboratory) according to a Microbial Identification and Resistance Testing fr..."
EST-070,CASO,"Descripción del caso: demografía, historia, diagnóstico, seguimiento (JBI)",2,"...Hebrew University of Jerusalem (Hazan Laboratory) according to a Microbial Identification and Resistance Testing framework previously published by the group [23, 24]. In all Israeli centers, clinical microbiology laboratories follow Phage susceptibility testing was performed in several steps, pathogen identification using matrix-assisted laser desorp- using at least 3 methods [24]. First, a spot assay screen, using tion/ionization–time of flight (MALDI-TOF) and the Vitek all relevant phages in ou..."
EST-070,CASO,"Descripción del caso: demografía, historia, diagnóstico, seguimiento (JBI)",3,"...s was car- evant antibiotics. This step reveals also possible antagonistic or ried out using a MALDI-TOF mass spectrometer (bioMérieux, synergistic effects of phages and antibiotics. When the optical Marcy l’Etoile, France), and antibiotic susceptibility testing was density in this assay is below the detection threshold, due to ly- conducted utilizing the VITEK 2 system (bioMérieux) follow- sis, a colony-forming unit count was also performed to detect if ing the Clinical and Laboratory Standards I..."
EST-070,CONFLICTOS,"Financiación, conflictos de interés y consentimiento",1,"...age requests and served as a clinical research file Astrid Military Hospital, Brussels, Belgium). for phage therapy cases (see Supplementary Form). Study data were collected and managed using REDCap electronic Patient Consent Statement and Ethics Approvals data capture tools hosted at the Hadassah Medical Center. For each patient, informed consent was obtained. Additionally, according to the regulations in Israel for each individual treat- Communication ment, a formal approval of the local..."
EST-070,CONFLICTOS,"Financiación, conflictos de interés y consentimiento",2,"...s data capture tools hosted at the Hadassah Medical Center. For each patient, informed consent was obtained. Additionally, according to the regulations in Israel for each individual treat- Communication ment, a formal approval of the local institutional review board Requests were sent mostly by physicians from different hospi- (IRB/ethics committee) and the Ministry of Health was neces- tals and health centers in Israel (91% of all requests), with 9% of sary for initiating compassionate therapy,..."
EST-070,CONFLICTOS,"Financiación, conflictos de interés y consentimiento",3,"...and the Ministry of Health was neces- tals and health centers in Israel (91% of all requests), with 9% of sary for initiating compassionate therapy, together with obtain- requests coming from abroad. All requests were sent initially to ing informed consent from each patient. Publication was done an infectious diseases specialist (R. N.-P.) at the Hadassah- upon the following Hadassah IRB approval numbers: 0420-12- Hebrew University Medical Center and then relayed to the lab- HMO, 0309-18-HMO..."
EST-096,ALEATORIZACION,"Secuencia de asignación y ocultamiento (RoB 2, dominio 1)",1,"...withUTI[4]. ArecentlypublishedreviewonPTinUTIsummarized withregardtojurisdictionalclaimsin currentlyavailabledatasuggestingthatthismodeoftreatmentmaybeanattractiveoption publishedmapsandinstitutionalaffil- forthosepatients[5].Nevertheless,arandomized,placebo-controlled,double-blindclinical iations. trialofintravesicalPTfortreatingUTIinpatientsundergoingtransurethralresectionof theprostatewasnotfoundtobesuperiortoplacebobladderirrigation[6]. Therefore,new studiesandmoredataareneededtocl..."
EST-096,ALEATORIZACION,"Secuencia de asignación y ocultamiento (RoB 2, dominio 1)",2,"...PT carried out as compassionate use (experimental therapy) andthelackofreliabledataderivedfromclinicaltrialsofPTperformedaccordingtothe requiredstandardsofEvidence-BasedMedicineandEMA(FDA).Notably,nodouble-blindAntibiotics2021,10,627 8of9 randomized clinical trial has provided conclusive data confirming the real therapeutic valueofthetherapy. Therefore,thereisanurgentneedforawell-plannedclinicaltrialthat coulddeterminewhetherindeedPTcanofferareliableweaponagainstantibiotic-resistant b..."
EST-096,ALEATORIZACION,"Secuencia de asignación y ocultamiento (RoB 2, dominio 1)",3,"...li, N.; Goderdzishvili, M.; Chkonia, I.; Rigvava, S.; Chkhotua, A.; Changashvili, G.; McCallin, S.; Schneider, M.P.; etal. Intravesicalbacteriophagesfortreatingurinarytractinfectionsinpatientsundergoing transurethralresectionoftheprostate:Arandomised,placebo-controlled,double-blindclinicaltrial.LancetInfect.Dis.2021,21, 427–436.[CrossRef] 7. Mie˛dzybrodzki,R.;Borysowski,J.;Weber-Da˛browska,B.;Fortuna,W.;Letkiewicz,S.;Szufnarowski,K.;Pawełczyk,Z.;Rogóz˙,P.; Kłak,M.;Wojtasik,E.;etal.Clin..."
EST-096,DESVIACIONES,"Desviaciones de la intervención asignada (RoB 2, dominio 2)",1,"...its successful use in treating multidrug-resistantbacterialinfectionsarepublishedalmosteverymonth[9–17]. Like- wise, several reviews on PT are published each year. However, there is a growing gap between the expansion of PT carried out as compassionate use (experimental therapy) andthelackofreliabledataderivedfromclinicaltrialsofPTperformedaccordingtothe requiredstandardsofEvidence-BasedMedicineandEMA(FDA).Notably,nodouble-blindAntibiotics2021,10,627 8of9 randomized clinical trial has provid..."
EST-096,CEGAMIENTO,"Cegamiento de pacientes, personal y evaluadores (RoB 2 d.2 y d.4)",1,"...ArecentlypublishedreviewonPTinUTIsummarized withregardtojurisdictionalclaimsin currentlyavailabledatasuggestingthatthismodeoftreatmentmaybeanattractiveoption publishedmapsandinstitutionalaffil- forthosepatients[5].Nevertheless,arandomized,placebo-controlled,double-blindclinical iations. trialofintravesicalPTfortreatingUTIinpatientsundergoingtransurethralresectionof theprostatewasnotfoundtobesuperiortoplacebobladderirrigation[6]. Therefore,new studiesandmoredataareneededtoclarifythevalueofPTin..."
EST-096,CEGAMIENTO,"Cegamiento de pacientes, personal y evaluadores (RoB 2 d.2 y d.4)",2,"...s a growing gap between the expansion of PT carried out as compassionate use (experimental therapy) andthelackofreliabledataderivedfromclinicaltrialsofPTperformedaccordingtothe requiredstandardsofEvidence-BasedMedicineandEMA(FDA).Notably,nodouble-blindAntibiotics2021,10,627 8of9 randomized clinical trial has provided conclusive data confirming the real therapeutic valueofthetherapy. Therefore,thereisanurgentneedforawell-plannedclinicaltrialthat coulddeterminewhetherindeedPTcanofferarelia..."
EST-096,CEGAMIENTO,"Cegamiento de pacientes, personal y evaluadores (RoB 2 d.2 y d.4)",3,"...erdzishvili, M.; Chkonia, I.; Rigvava, S.; Chkhotua, A.; Changashvili, G.; McCallin, S.; Schneider, M.P.; etal. Intravesicalbacteriophagesfortreatingurinarytractinfectionsinpatientsundergoing transurethralresectionoftheprostate:Arandomised,placebo-controlled,double-blindclinicaltrial.LancetInfect.Dis.2021,21, 427–436.[CrossRef] 7. Mie˛dzybrodzki,R.;Borysowski,J.;Weber-Da˛browska,B.;Fortuna,W.;Letkiewicz,S.;Szufnarowski,K.;Pawełczyk,Z.;Rogóz˙,P.; Kłak,M.;Wojtasik,E.;etal.Clinicalaspectsofphaget..."
EST-096,PERDIDAS,"Datos de desenlace faltantes (RoB 2, dominio 3)",0,
EST-096,MEDICION,"Medición del desenlace (RoB 2, dominio 4)",0,
EST-096,REPORTE,"Selección del resultado informado y registro previo (RoB 2, dominio 5)",0,
EST-096,CONFUSION,"Confusión y selección de participantes (ROBINS-I, dominios 1 y 2)",0,
EST-096,CLASIFICACION,"Clasificación de la intervención y su medición (ROBINS-I, d.3 y d.6)",1,"...ed monovalent lysates of bacteriophagepreparationsofEscherichiacoli, Klebsiellapneumoniae, Enterococcusfaecalis or Pseudomonas aeruginosa based on phage typing (Tables 1 and 2). Phage lysates had concentrationsof106–108plaqueformingunit/mL(pfu/mL).Healthydonorsdidnotuse bacteriophagepreparations,buttheirserawereexaminedforthepresenceofantiphage antibodies against bacteriophage preparations E. coli phage coli 48/D1, K. pneumoniae phageKl16/30,E.faecalisphageEntc15/PandP.aeruginos..."
EST-096,CLASIFICACION,"Clasificación de la intervención y su medición (ROBINS-I, d.3 y d.6)",2,"...ingphagetherapyandcontrolofhealthyindivid- ualswastestedwiththeplatephageneutralizationtest. TheAASresearchwasperformed accordingtothemethoddescribedearlier[8]. Undilutedanddilutedserafrom1:10to 1:1500weretested. Atotalof50µLofthephagewithatiterof1×106pfu/mLwereadded toeachserumdilution(450µL).Phagetitercontrolwasperformedbyadding50µLofthe phagewithatiterof1×106 pfu/mLto450µLofbroth. Themixturewasincubatedfor 30minat37◦C.Afterthistime,50µLofthemixtureweretakenandaddedto4.95mL ofco..."
EST-096,CLASIFICACION,"Clasificación de la intervención y su medición (ROBINS-I, d.3 y d.6)",3,"...ereadded toeachserumdilution(450µL).Phagetitercontrolwasperformedbyadding50µLofthe phagewithatiterof1×106 pfu/mLto450µLofbroth. Themixturewasincubatedfor 30minat37◦C.Afterthistime,50µLofthemixtureweretakenandaddedto4.95mL ofcoldbroth. Phagetiterwasexaminedatthebeginningofthephagereactionwiththe serumand,afterthe30minreaction,bythestandarddouble-agarlayermethod. Atotal of100µLofthemixtureand200µLofthebacterialstrainwereaddedto3mLof0.7% agarandpouredontoagarplates. Theplateswereincu..."
EST-096,CASO,"Descripción del caso: demografía, historia, diagnóstico, seguimiento (JBI)",0,
EST-096,CONFLICTOS,"Financiación, conflictos de interés y consentimiento",1,"...erimentsandanalyzeddata;R.M.analyzed data;M.Z˙.designedandperformedtheexperimentsandanalyzeddata;B.W.-D.wrotepartsofthe manuscript;A.G.conceivedthestudyandwrotethemanuscript.Allauthorshavereadandagreed tothepublishedversionofthemanuscript. Funding:Thisresearchreceivednoexternalfunding. InstitutionalReviewBoardStatement:Thestudywasconductedaccordingtotheguidelinesofthe DeclarationofHelsinki,andapprovedbytheBioethicsCommitteeattheWroclawMedicalUniversity (protocoltitle“Phageinactivati..."
EST-108,ALEATORIZACION,"Secuencia de asignación y ocultamiento (RoB 2, dominio 1)",1,"...2023 A list of authors and their affiliations appears at the end of the paper Accepted: 19 April 2024 Published online: 4 June 2024 In contrast to the many reports of successful real-world cases of personalized bacteriophage therapy (BT), randomized controlled Check for updates trials of non-personalized bacteriophage products have not produced the expected results. Here we present the outcomes of a retrospective observational analysis of the first 100 consecutive cases of personalize..."
EST-108,ALEATORIZACION,"Secuencia de asignación y ocultamiento (RoB 2, dominio 1)",2,"...each bacteriophage API batch. The BT protocols that were suggested turing practices (GMP) certification, preclinical research (toxicity and to the treating physicians were based on the experiences of the George pharmacology) and conducting randomized controlled trials (RCTs). Eliava Institute of Bacteriophages, Microbiology and Virology (Eliava However, the handful of bacteriophage RCTs that have been performed Institute) in Tbilisi, Georgia (personal communications), and on the so far..."
EST-108,ALEATORIZACION,"Secuencia de asignación y ocultamiento (RoB 2, dominio 1)",3,"...primary aim was generalizable. In addition, due to the limited number of patients in to help these patients, has intrinsic limitations. No control groups, which resistance was demonstrated, it was not possible to statistically blinding or randomization were put in place and different medical show its potential impact on bacterial target eradication. Regardless, specialties and infection types were involved. Evaluation of safety failure of eradication was observed in 43% (3/7) of patients..."
EST-108,DESVIACIONES,"Desviaciones de la intervención asignada (RoB 2, dominio 2)",1,"...me of their therapy (BT), the use of bacteriophages—the viruses of bacteria—to use in clinical practice. Of note, most selected cases concerned per- treat bacterial infections, was first applied by Félix d’Hérelle in 19192, sonalized BT as salvage therapy after standard antibiotic treatments and further developed and applied in the former Soviet Union. had failed. Quality and safety of the bacteriophage preparations were A recent systematic review confirmed that BT can generally be verified..."
EST-108,DESVIACIONES,"Desviaciones de la intervención asignada (RoB 2, dominio 2)",2,"...note, when most of these tests were performed, BT had tion (MIC) from ≥4 to 0.5 µg ml−1 for ciprofloxacin and from ≥8 to 1 µg ml−1 already started and test results did not influence patient treatment. for levofloxacin. Of note, patient 91 was treated concomitantly with bac- However, today, on the basis of these results and the overall observa- teriophages and the antibiotics meropenem, colimycin and vancomycin. tion that pathogen eradication is more likely when phages are applied in co..."
EST-108,DESVIACIONES,"Desviaciones de la intervención asignada (RoB 2, dominio 2)",3,"...administration. routine bacterial monitoring generated sufficient suitable samples. We acknowledge that our analysis, involving 100 severely ill This means that the presented bacteriophage resistance data are not patients for whom BT was a salvage therapy and our primary aim was generalizable. In addition, due to the limited number of patients in to help these patients, has intrinsic limitations. No control groups, which resistance was demonstrated, it was not possible to statistically blin..."
EST-108,CEGAMIENTO,"Cegamiento de pacientes, personal y evaluadores (RoB 2 d.2 y d.4)",1,"...rapy and our primary aim was generalizable. In addition, due to the limited number of patients in to help these patients, has intrinsic limitations. No control groups, which resistance was demonstrated, it was not possible to statistically blinding or randomization were put in place and different medical show its potential impact on bacterial target eradication. Regardless, specialties and infection types were involved. Evaluation of safety failure of eradication was observed in 43%..."
EST-108,CEGAMIENTO,"Cegamiento de pacientes, personal y evaluadores (RoB 2 d.2 y d.4)",2,"...e responsibility of, Bacteriophage activity, increasing bacterial killing when used in combination with Therapy Providers in several hospitals in Belgium and abroad. No these antibiotics, and potentially decreasing selection of antibiotic- blinding, masking or randomization were implemented, and inves- or bacteriophage-resistant clones. However, caution is warranted, as tigators and patients were aware of the bacteriophage treatment. certain antibiotics can interfere with bacteriopha..."
EST-108,CEGAMIENTO,"Cegamiento de pacientes, personal y evaluadores (RoB 2 d.2 y d.4)",3,...hage sons (GraphPad v.0.5.1) was used for G. mellonella survival curve product and clinical data were recorded in a Research Electronic Data comparisons. Capture (REDCap) designed database88. Data collection and analysis were not performed blind to the conditions of the experiments. Reporting summary Further information on research design is available in the Nature Definitions Portfolio Reporting Summary linked to this article. In accordance with the guidelines of an international...
EST-108,PERDIDAS,"Datos de desenlace faltantes (RoB 2, dominio 3)",0,
EST-108,MEDICION,"Medición del desenlace (RoB 2, dominio 4)",1,"...ct PRJNA975428. All other data supporting the findings of infection persisted for more than 6 months, it was considered a ‘chronic this study are available within the paper. Readers can apply for access infection’. Clinical improvement was defined as the improvement of at to data, which will be supplied in compliance with the obligations and least one symptom associated with the bacterial infection, as assessed responsibilities that the investigators hold for the patients involved in by the treating p..."
EST-108,MEDICION,"Medición del desenlace (RoB 2, dominio 4)",2,"...cs were applied (for example, the study. Source data are provided with this paper. illness severity scores). The influence of other (medical/surgical) inter- ventions was not determined. Eradication of the targeted bacterium was References defined as the absence of the originally targeted causative agent of the 1. Antimicrobial Resistance Collaborators. Global burden of bacterial infection in culture, or when the patient’s treating physician bacterial antimicrobial resistance in 2019: a systematic..."
EST-108,REPORTE,"Selección del resultado informado y registro previo (RoB 2, dominio 5)",1,"...to be linked to BT. While our analysis is limited by the uncontrolled nature of these data, it indicates that BT can be effective in combination with antibiotics and can inform the design of future controlled clinical trials. BT100 study, ClinicalTrials.gov registration: NCT05498363. e-mail: jean-paul.pirnay@mil.be Nature Microbiology | Volume 9 | June 2024 | 1434–1453 1434Article https://doi.org/10.1038/s41564-024-01705-x Antimicrobial resistance (AMR) is a prominent global health threat wit..."
EST-108,REPORTE,"Selección del resultado informado y registro previo (RoB 2, dominio 5)",2,"...nd protocol (MiSeq v3 chemistry, Illumina). Trim- informed consent. There was no patient compensation for participa- ming of short reads was performed with Trimmomatic (v.0.32)59. In tion in this study. The observational study protocol was registered on addition, for bacterial production strains, long-read sequencing was ClinicalTrials.gov (Study BT100, ID: NCT05498363). performed using Oxford Nanopore Technologies (ONT)’s rapid bar- coding kit SQK-RBK004 and a MinION flow cell (v.9.4.1),..."
EST-108,REPORTE,"Selección del resultado informado y registro previo (RoB 2, dominio 5)",3,"...for the resistance (XDR) as non-susceptibility to at least one agent in all but retrospective, observational study is available at https://clinicaltrials. two or fewer antimicrobial categories, and pandrug resistance (PDR) as gov/ct2/show/NCT05498363?term=NCT05498363&draw=2&rank=1. non-susceptibility to all agents in all antimicrobial categories89. The term The bacteriophage genome sequences can be retrieved in the GenBank ‘usual drug resistance’ (UDR) was used to describe isolates tha..."
EST-108,CONFUSION,"Confusión y selección de participantes (ROBINS-I, dominios 1 y 2)",1,"...dentified BT database contain- tion pertaining to the analysed patient population. ing demographic, bacteriophage product and clinical data showed Nevertheless, the knowledge gained from these cases is likely to that personalized BT of 100 consecutive patients targeted 114 help physicians to select effective treatment protocols and design difficult-to-treat infections (as diagnosed by the treating physicians), future clinical trials. including 14 second-site infections. Baseline characteristics..."
EST-108,CONFUSION,"Confusión y selección de participantes (ROBINS-I, dominios 1 y 2)",2,"...(ABCONCOM) were not selected the first dose43. The ARLG Phage Taskforce, however, acknowledges that in the overall logistic regression model. This could be attributed to clinical outcomes are not always improved with higher doses, reflect- confounding relations between these three variables within this data- ing the complexity of effective bacteriophage dosing. We observed an set. A significant association was found between clinical improvement increase in in vitro bacteriophage efficie..."
EST-108,CONFUSION,"Confusión y selección de participantes (ROBINS-I, dominios 1 y 2)",3,"...e presented bacteriophage resistance data are not patients for whom BT was a salvage therapy and our primary aim was generalizable. In addition, due to the limited number of patients in to help these patients, has intrinsic limitations. No control groups, which resistance was demonstrated, it was not possible to statistically blinding or randomization were put in place and different medical show its potential impact on bacterial target eradication. Regardless, specialties and infection ty..."
EST-108,CLASIFICACION,"Clasificación de la intervención y su medición (ROBINS-I, d.3 y d.6)",1,"...performed a regression analysis to identify functional relationships. The most common indications were lower respiratory tract, skin and soft tissue, and bone infections, and involved combinations of 26 bacteriophages and 6 defined bacteriophage cocktails, individually selected and sometimes pre-adapted to target the causative bacterial pathogens. Clinical improvement and eradication of the targeted bacteria were reported for 77.2% and 61.3% of infections, respectively. In our dataset of 1..."
EST-108,CLASIFICACION,"Clasificación de la intervención y su medición (ROBINS-I, d.3 y d.6)",2,"...o target the causative bacterial pathogens. Clinical improvement and eradication of the targeted bacteria were reported for 77.2% and 61.3% of infections, respectively. In our dataset of 100 cases, eradication was 70% less probable when no concomitant antibiotics were used (odds ratio = 0.3; 95% confidence interval = 0.127–0.749). In vivo selection of bacteriophage resistance and in vitro bacteriophage–antibiotic synergy were documented in 43.8% (7/16 patients) and 90% (9/10) of evaluated patients..."
EST-108,CLASIFICACION,"Clasificación de la intervención y su medición (ROBINS-I, d.3 y d.6)",3,"...5-x Antimicrobial resistance (AMR) is a prominent global health threat with bacteriophages targeting the infecting bacteria (Extended Data Fig. 1). an estimated 1.27 million attributable deaths in 20191 and there is an Personalized bacteriophage preparations were produced at the QAMH urgent need to seek alternative antimicrobial strategies. Bacteriophage in accordance with the rules in force in the territory at the time of their therapy (BT), the use of bacteriophages—the viruses of bacteria—..."
EST-108,CASO,"Descripción del caso: demografía, historia, diagnóstico, seguimiento (JBI)",1,"...preparations; the quartiles to the last data point within 1.5 × the interquartile range. Data points DH, article 37 (unproven interventions in clinical practice) of the Declaration plotted outside the boundary of the whiskers are outliers. Female patients are of Helsinki; SOC UM, standard-of-care with unlicensed medicines; ATU MP, represented by purple filled circles and male patients by blue filled circles. ‘Autorisation Temporaire d’Utilisation’ of magistral preparations. c, Primary e, T..."
EST-108,CASO,"Descripción del caso: demografía, historia, diagnóstico, seguimiento (JBI)",2,"...the basis of OD 600 measurements and validated using a classical plate culture method. Diagnostic tests in support of bacteriophage therapy Antibiotics and bacteriophages were added at subMIC (0.5 × MIC) levels In addition to bacteriophage susceptibility testing, three BT supportive and MOIs ≤ 1.0 (calculated on the propagation host), respectively. The tests were offered without obligation to the Bacteriophage Therapy titres of the bacteriophages were confirmed after each experiment using Provider..."
EST-108,CASO,"Descripción del caso: demografía, historia, diagnóstico, seguimiento (JBI)",3,"...g resistant strains. 129 (2017). Front. Microbiol. 12, 783722 (2021). 16. Lebeaux, D. et al. A case of phage therapy against 36. Yoshida, H., Bogaki, M., Nakamura, M. & Nakamura, S. Quinolone pandrug-resistant Achromobacter xylosoxidans in a 12-year-old resistance-determining region in the DNA gyrase gyrA gene lung-transplanted cystic fibrosis patient. Viruses 13, 60 (2021). of Escherichia coli. Antimicrob. Agents Chemother. 34, 1271–1272 17. Van Nieuwenhuyse, B. et al. Bacteriophage-anti..."
EST-108,CONFLICTOS,"Financiación, conflictos de interés y consentimiento",1,"...cation47. of suspected adverse drug reactions and events were assessed by the A considerable body of experimental data has accumulated show- treating physicians. ing that bacteriophages can substantially affect immune system cells, Written informed consent for BT was obtained from the involved and it has been assumed that anti-bacteriophage antibodies appearing patients or their legal representatives according to local provisions. Nature Microbiology | Volume 9 | June 2024 | 1434–1453 1445Ar..."
EST-108,CONFLICTOS,"Financiación, conflictos de interés y consentimiento",2,"...-bacteriophage antibodies appearing patients or their legal representatives according to local provisions. Nature Microbiology | Volume 9 | June 2024 | 1434–1453 1445Article https://doi.org/10.1038/s41564-024-01705-x Where warranted, local ethics committee approval for BT was obtained. safety of the bacteriophage to be used in human therapy. For this According to EU Regulation No 536/2014 (Clinical Trials Regulation)57, purpose, genomic DNA of the bacteriophages and their bacterial its trans..."
EST-108,CONFLICTOS,"Financiación, conflictos de interés y consentimiento",3,"...dentified BT database was not considered as aration kit and sequenced on an Illumina MiSeq instrument with a an experiment on the human person and did not require a dedicated 250 bp paired-end protocol (MiSeq v3 chemistry, Illumina). Trim- informed consent. There was no patient compensation for participa- ming of short reads was performed with Trimmomatic (v.0.32)59. In tion in this study. The observational study protocol was registered on addition, for bacterial production strains, long-rea..."
EST-116,ALEATORIZACION,"Secuencia de asignación y ocultamiento (RoB 2, dominio 1)",1,"...ld have been partly due to an inability to provide the necessary information. For instance, access to medical data could have been hampered by a lack of confidence from the treating physicians. Thiscouldhavebeenpartiallyremediedbyconductingrandomizedcontrolledtrialstodemonstrate phage therapy efficacy and by awareness campaigns. The QAMH is developing tools, such asViruses2019,11,265 9of11 acomprehensivewebsitewithinformationandinstructions,todispensephagetherapyinformationto healthcar..."
EST-116,ALEATORIZACION,"Secuencia de asignación y ocultamiento (RoB 2, dominio 1)",2,"...ust keep in mind that phages are not “miracle drugs”, as antibiotics were once presented, but that they are probably only useful as additional tools in certain indications and conditions,whichstillneedtobedetermined. Assuch,morephagetherapyrandomizedcontrolled trialsareneeded,andphageantibioticsynergy(PAS)shouldbefurtherexplored[18,19]. Withthisreport,wehopetohelpandguidethe“phagetherapycentersinthemaking”,whichare slowlyemergingfromthe“phage-averse”settingcalledWesternmedicine. Supple..."
EST-116,DESVIACIONES,"Desviaciones de la intervención asignada (RoB 2, dominio 2)",0,
EST-116,CEGAMIENTO,"Cegamiento de pacientes, personal y evaluadores (RoB 2 d.2 y d.4)",0,
EST-116,PERDIDAS,"Datos de desenlace faltantes (RoB 2, dominio 3)",0,
EST-116,MEDICION,"Medición del desenlace (RoB 2, dominio 4)",0,
EST-116,REPORTE,"Selección del resultado informado y registro previo (RoB 2, dominio 5)",0,
EST-116,CONFUSION,"Confusión y selección de participantes (ROBINS-I, dominios 1 y 2)",0,
EST-116,CLASIFICACION,"Clasificación de la intervención y su medición (ROBINS-I, d.3 y d.6)",1,"...to evaluate its safety and efficacy. In all cases, newinformationmustberecordedand,whereappropriate,madepubliclyavailable. Sincethen,patientshavebeenoccasionallytreatedbyphagetherapyattheQAMH.Lastyear, wereportedthecaseofapatienttreatedwithintravenousbacteriophagemonotherapy(noantibiotics wereused)againstcolistin-only-sensitiveP.aeruginosa[8]. Belgiumisnowimplementingapragmatic phagetherapyframeworkthatcentersonthemagistralpreparation(compoundingpharmaciesinthe US)oftailor-madephagemedi..."
EST-116,CLASIFICACION,"Clasificación de la intervención y su medición (ROBINS-I, d.3 y d.6)",2,"...blications(groupedaccordingtomedicalindicationsandauthoredbythe differenttreatingphysicians)andwillnotbediscussedinthisarticle. However,wecandisclosethat no serious adverse events were observed and that, in general, phage therapy seemed helpful in a considerablenumberofthecases. Wealsowouldliketostressthat,withtheexceptionofonecasethat wasrecentlypublished[8],otherantimicrobialagents(e.g.,antibiotics)wereappliedsimultaneously withthephages. 5. ImplicationsforFutureActivities Mos..."
EST-116,CLASIFICACION,"Clasificación de la intervención y su medición (ROBINS-I, d.3 y d.6)",3,"...iol.Infect.2012,18,268–281.[CrossRef][PubMed] 14. Merabishvili,M.;Pirnay,J.P.;Verbeken,G.;Chanishvili,N.;Tediashvili,M.;Lashkhi,N.;Glonti,T.;Krylov,V.; Mast,J.;VanParys,L.;etal. Quality-controlledsmall-scaleproductionofawell-definedbacteriophage cocktailforuseinhumanclinicaltrials.PLoSONE2009,4,e4944.[CrossRef][PubMed] 15. Merabishvili, M.; Vandenheuvel, D.; Kropinski, A.M.; Mast, J.; De Vos, D.; Verbeken, G.; Noben, J.P.; Lavigne,R.;Vaneechoutte,M.;Pirnay,J.P.Characterizationofnewlyisolat..."
EST-116,CASO,"Descripción del caso: demografía, historia, diagnóstico, seguimiento (JBI)",1,"...tionassociatedwithantibiotictreatmentfailure; • Theabsenceofothertherapeuticoptions. Wheneligibilitycriteriaweremet,whichwasthecaseforonly20patients(Figure1),aconsultation with an infectious disease specialist was scheduled, during which a physical examination andViruses2019,11,265 8of11 ananamnesisofthepatientwereperformedandbacterialsamplesoftheinfectionsite(s)weretaken. Consecutively, these bacterial samples were sent to the clinical laboratory for standard bacterial culture, isolation, and i..."
EST-116,CONFLICTOS,"Financiación, conflictos de interés y consentimiento",1,"...;datacuration,S.D.,C.M.,M.M.,P.D.L.;writing–originaldraftpreparation,S.D.andJ.-P.P.;writing–review andediting,S.D.,D.D.V.,M.M.,P.S.andJ.-P.P.;visualization,B.D.andJ.-P.P.;supervision,S.D.,P.S.andJ.-P.P.; projectadministration,P.D.L.andC.M.;fundingacquisition,P.S.andJ.-P.P. Funding:M.M.wassupportedbygrantHFM15-5oftheRoyalHigherInstituteforDefence.Viruses2019,11,265 10of11 Acknowledgments:Theauthorsexpresstheirthankstothepersonneloftheclinicallaboratoryandtothehospital staffandpatient..."
EST-116,CONFLICTOS,"Financiación, conflictos de interés y consentimiento",2,"...ria for Which New Antibiotics Are Urgently Needed. Available online:https://www.who.int/news-room/detail/27-02-2017-who-publishes-list-of-bacteria-for-which- new-antibiotics-are-urgently-needed(accessedon10February2019). 4. Rice,L.B.Federalfundingforthestudyofantimicrobialresistanceinnosocomialpathogens:noESKAPE.J. Infect.Dis.2009,197,1079–1081.[CrossRef][PubMed] 5. Boucher,H.W.;Talbot,G.H.;Bradley,J.S.;Edwards,J.E.;Gilbert,D.;Rice,L.B.;Scheld,M.;Spellberg,B.; Bartlett,J.Badbugs,nod..."
EST-132,ALEATORIZACION,"Secuencia de asignación y ocultamiento (RoB 2, dominio 1)",1,"...ORIGINAL ARTICLE Evaluation of the Potential Efficacy of Bacteriophage Therapy for the Management of Pressure Ulcers and Its Comparison to Conventional Therapy: A Randomized Controlled Trial Kavita Meena1 , Rajesh K Meena2 , Sarita Kumari3 , Premkumar Thambidurai4 , Gopal Nath5 Received on: 20 August 2025; Accepted on: 05 January 2026; Published on: 18 March 2026 Visual Abstract Supplement Material AbstrAct Ba..."
EST-132,ALEATORIZACION,"Secuencia de asignación y ocultamiento (RoB 2, dominio 1)",2,"...ntial “alternative.” We aimed to evaluate the efficacy and safety of topical bacteriophage therapy for the management of PUs in critically ill ICU patients and its comparison to conventional therapy. Patients and methods: This prospective, randomized, double-blind controlled trial was conducted in the ICU of a tertiary care center between April 2024 and May 2025. Seventy-six adult patients with grade II–IV PUs were screened, and 68 were enrolled (34 in each group). Group C received con..."
EST-132,ALEATORIZACION,"Secuencia de asignación y ocultamiento (RoB 2, dominio 1)",3,"...K, Meena RK, Kumari S, Thambidurai in critically ill trauma patients. P, Nath G. Evaluation of the Potential Efficacy of Bacteriophage Therapy for the Management of Pressure Ulcers and Its Comparison introduction to Conventional Therapy: A Randomized Controlled Trial. Indian J Crit Care Med 2026;30(3):196–203. Trauma is a modern-day epidemic, with a marked increase in the Source of support: Nil number of accidents due to the rapid growth of the motor industry Conflict of interest: None..."
EST-132,DESVIACIONES,"Desviaciones de la intervención asignada (RoB 2, dominio 2)",1,"...OI: 10.1007/978-1-4939-7395-8_13. 4. Ross P, Du Plooy D, Sheldrake J, Ronayne L, Keogh P, Collins K, et al. 22. Fish R, Kutter E, Wheat G, Blasdel B, Kutateladze M, Kuhl S. The epidemiology of pressure injuries in adult intensive care unit Compassionate use of bacteriophage therapy for foot ulcer treatment 202 Indian Journal of Critical Care Medicine, Volume 30 Issue 3 (March 2026)Bacteriophage Therapy in Pressure Ulcers as an effective step for moving toward clinical trials. Methods Mol 27...."
EST-132,CEGAMIENTO,"Cegamiento de pacientes, personal y evaluadores (RoB 2 d.2 y d.4)",1,"...native.” We aimed to evaluate the efficacy and safety of topical bacteriophage therapy for the management of PUs in critically ill ICU patients and its comparison to conventional therapy. Patients and methods: This prospective, randomized, double-blind controlled trial was conducted in the ICU of a tertiary care center between April 2024 and May 2025. Seventy-six adult patients with grade II–IV PUs were screened, and 68 were enrolled (34 in each group). Group C received conventional ther..."
EST-132,CEGAMIENTO,"Cegamiento de pacientes, personal y evaluadores (RoB 2 d.2 y d.4)",2,"...patient was observed for local adverse reactions (such as erythema, warmth, PAtients And MetHods increased discharge, hypersensitivity, or ulcer deterioration) and systemic adverse events in the bacteriophage group. This was a prospective, double blind, randomized study that was conducted in the ICU of an apex care center in the Department Sample Size of Anaesthesiology and Microbiology. The study period was Based on the previous study, “Biological therapy on infected from April 2024 to..."
EST-132,CEGAMIENTO,"Cegamiento de pacientes, personal y evaluadores (RoB 2 d.2 y d.4)",3,"...Ulcers 30 28 25 25 24 24 20 18 18 18 17 15 15 15 15 15 14 14 13 10 5 0 on phage therapy have focused mainly on chronic wounds or ambulatory patients, such as those with diabetic foot ulcers, venous leg ulcers, and burn wounds. A randomized double-blind trial by Karn et al. reported wound sterilization in 93.3% of cases and complete healing by day 90 with personalized phage therapy, showing its clinical potential.8 A systematic review by Narayanan et al. highlighted the potential of phage..."
EST-132,PERDIDAS,"Datos de desenlace faltantes (RoB 2, dominio 3)",1,"...gibility (n = 76) Excluded (n = 0) Enrolled for study (n = 76) Allocated to intervention (n = 38) Allocated to intervention (n = 38) Conventional pressure ulcer Conventional pressure ulcer therapy therapy plus topical bacteriophage therapy Lost to follow-up (n = 4) Lost to follow-up (n = 4) Patient died before 28 days Patient died before 28 days follow-up follow-up Analyzed (n = 34) Analyzed (n = 34) between group C and group B, with no statistically significant difference observed between th..."
EST-132,MEDICION,"Medición del desenlace (RoB 2, dominio 4)",0,
EST-132,REPORTE,"Selección del resultado informado y registro previo (RoB 2, dominio 5)",1,"...sed on the previous study, “Biological therapy on infected from April 2024 to May 2025. The Institutional Ethics Committee traumatic wounds: A case-control study,” the sample size formula approved the study protocol. The clinical trial was registered with for two independent proportions is as follows:7 registration number CTRI/2024/03/064013. Patients admitted to the ICU were screened for eligibility. Inclusion criteria for patient (Z +Z )2 (p1q1+p2q2) selection were adults (age > 18 years)..."
EST-132,CONFUSION,"Confusión y selección de participantes (ROBINS-I, dominios 1 y 2)",1,"...he sample size formula approved the study protocol. The clinical trial was registered with for two independent proportions is as follows:7 registration number CTRI/2024/03/064013. Patients admitted to the ICU were screened for eligibility. Inclusion criteria for patient (Z +Z )2 (p1q1+p2q2) selection were adults (age > 18 years) admitted to the ICU following n= 1−α 1−β trauma, including head injury, spinal cord injury, or polytrauma, (p1−p2)2 who developed PUs (grade III–IV). Patients who refu..."
EST-132,CONFUSION,"Confusión y selección de participantes (ROBINS-I, dominios 1 y 2)",2,"...% of the interventional group) burns, or tuberculosis were excluded. The study procedure was p2 = 0.33 (representing a 2-point improvement in depth of explained to all eligible participants and their attendants. Written wound in 33% of the control group) informed consent was obtained from the patient or from the attendant if the patient was unable to consent. A total of 76 patients Z 1 − α = 1.96 at a 5% level of significance were screened for the study. Randomization was performed using..."
EST-132,CONFUSION,"Confusión y selección de participantes (ROBINS-I, dominios 1 y 2)",3,"...on. Our contributed to repeated infections and the development of PUs.24 findings on safety are consistent with this report. The limitation No prior study has evaluated bacteriophage therapy specifically of their study was the absence of a control group. In contrast, our for PUs. In comparison with previous studies conducted largely study was a randomized controlled trial with a control group, and in ambulatory or burn patients, our study uniquely evaluated ICU bacteriophage therapy was u..."
EST-132,CLASIFICACION,"Clasificación de la intervención y su medición (ROBINS-I, d.3 y d.6)",1,"...ion and the associated risk of driving antimicrobial resistance. Bacteriophage therapy, with its ability to target resistant and biofilm-associated bacteria, offers a potential “alternative.” We aimed to evaluate the efficacy and safety of topical bacteriophage therapy for the management of PUs in critically ill ICU patients and its comparison to conventional therapy. Patients and methods: This prospective, randomized, double-blind controlled trial was conducted in the ICU of a tert..."
EST-132,CLASIFICACION,"Clasificación de la intervención y su medición (ROBINS-I, d.3 y d.6)",2,"...care center between April 2024 and May 2025. Seventy-six adult patients with grade II–IV PUs were screened, and 68 were enrolled (34 in each group). Group C received conventional therapy, while group B received conventional plus customized topical bacteriophage therapy. Healing was assessed using the Pressure Ulcer Scale for Healing (PUSH) tool; tissue type, exudate amount, and ulcer dimensions were assessed at baseline and on days 5, 7, 14, 21, and 28. The primary objective was to..."
EST-132,CLASIFICACION,"Clasificación de la intervención y su medición (ROBINS-I, d.3 y d.6)",3,"...in group B (p < 0.05). Group B also showed faster epithelialization, an earlier decrease in exudate, and more closed ulcers. These differences became statistically significant from day 7 onward. No adverse events were reported. Conclusion: Topical bacteriophage therapy is a safe and effective adjunct to conventional care in the management of PUs among ICU patients. Keywords: Antibiotics, Bacteriophages, Intensive care unit, Pressure ulcers, Trauma. Indian Journal of Critical Care Me..."
EST-132,CASO,"Descripción del caso: demografía, historia, diagnóstico, seguimiento (JBI)",0,
EST-132,CONFLICTOS,"Financiación, conflictos de interés y consentimiento",1,"...onal Therapy: A Randomized Controlled Trial. Indian J Crit Care Med 2026;30(3):196–203. Trauma is a modern-day epidemic, with a marked increase in the Source of support: Nil number of accidents due to the rapid growth of the motor industry Conflict of interest: None and economic expansion. Patients with head injuries, cervical spine trauma, and polytrauma require prolonged admission to the intensive care unit (ICU). Patients in an ICU are at a high risk of developing PUs because of severe trauma..."
EST-132,CONFLICTOS,"Financiación, conflictos de interés y consentimiento",2,"...conducted in the ICU of an apex care center in the Department Sample Size of Anaesthesiology and Microbiology. The study period was Based on the previous study, “Biological therapy on infected from April 2024 to May 2025. The Institutional Ethics Committee traumatic wounds: A case-control study,” the sample size formula approved the study protocol. The clinical trial was registered with for two independent proportions is as follows:7 registration number CTRI/2024/03/064013. Patients admitted..."
EST-132,CONFLICTOS,"Financiación, conflictos de interés y consentimiento",3,"...entional group) burns, or tuberculosis were excluded. The study procedure was p2 = 0.33 (representing a 2-point improvement in depth of explained to all eligible participants and their attendants. Written wound in 33% of the control group) informed consent was obtained from the patient or from the attendant if the patient was unable to consent. A total of 76 patients Z 1 − α = 1.96 at a 5% level of significance were screened for the study. Randomization was performed using Z 1 − β = 1.282 at..."
EST-146,ALEATORIZACION,"Secuencia de asignación y ocultamiento (RoB 2, dominio 1)",0,
EST-146,DESVIACIONES,"Desviaciones de la intervención asignada (RoB 2, dominio 2)",1,"...the individual IND (investigational new All clinical isolates were grown from individual colonies in ly- drug) for each patient on a compassionate-use basis. Each pa- sogeny broth (LB) at 37°C. For plaque (phage) isolation from tient case was treated after approval from the local institutional environmental samples or TAILΦR’s library of phages, a review board (IRB). All patients provided informed consent for double-agar overlay assay was performed using the patient’s clinical use of p..."
EST-146,DESVIACIONES,"Desviaciones de la intervención asignada (RoB 2, dominio 2)",2,"...ted but 4 weeks lat- noted, but mostly at low concentrations of antibiotic and was er the patient developed an infection caused by Peptoniphilus less apparent in the earlier time point. The physician was in- asaccharolyticus. This patient was treated with an antibiotic formed of this and decided to use ceftriaxone. and avoided hip disarticulation. For case 8 (LVAD; S. aureus), there were no complications; the patient cleared the initial bac- Clinical Outcomes terial infection without d..."
EST-146,DESVIACIONES,"Desviaciones de la intervención asignada (RoB 2, dominio 2)",3,"...: Phage targeted cloacae 692, Enterobacter cloacae (SLC4). IV, 6 wk effects pathogen was eradicated. However, 693, Treatment: phage cocktail and later developed new infection due to 694 cefepime Peptoniphilus asaccharolyticus. The patient was treated successfully with oral amoxicillin-clavulanate and will remain on life-long suppression. E. cloacae was not recovered from any of the cultures at the time of recurrence. The treating physician believed the E. cloacae has been eradicated. A..."
EST-146,CEGAMIENTO,"Cegamiento de pacientes, personal y evaluadores (RoB 2 d.2 y d.4)",0,
EST-146,PERDIDAS,"Datos de desenlace faltantes (RoB 2, dominio 3)",0,
EST-146,MEDICION,"Medición del desenlace (RoB 2, dominio 4)",0,
EST-146,REPORTE,"Selección del resultado informado y registro previo (RoB 2, dominio 5)",0,
EST-146,CONFUSION,"Confusión y selección de participantes (ROBINS-I, dominios 1 y 2)",1,"...acterials and Innovative Laboratories for Phage (Φ) Research; TEM, Transmission Electron Microscopy; Sub., Submission; Quant., Quantificaiton. The figure was created with BioRender.com. 1080 • CID 2023:77 (15 October) • Green et alTable 1. Inclusion Criteria for Phage Therapy Table 2. Cocktail Report Contents Antibiotic treatment has been ineffective Name and description of phages Multidrug-resistant organism (or difficult-to-treat infection) Manufacturer Chronically infected patienta Descript..."
EST-146,CLASIFICACION,"Clasificación de la intervención y su medición (ROBINS-I, d.3 y d.6)",1,"...as by our group but was based on a clinical profile provided by we improved efficiency over time (Supplementary Figure 1). the treating physicians. Of the 12 patient cases, more than 50% (7/12 cases) had a secondary immune deficiency. Ten Phage Cocktails Were Generated Against 6 Different Species TAILΦR had originally provided phages for 12 patients. For 1 case, we were not provided sufficient clinical information despite Mode of Administration treatment being regarded as successful, so w..."
EST-146,CLASIFICACION,"Clasificación de la intervención y su medición (ROBINS-I, d.3 y d.6)",2,"...s TAILΦR had originally provided phages for 12 patients. For 1 case, we were not provided sufficient clinical information despite Mode of Administration treatment being regarded as successful, so we omitted this case. All patients received concomitant antibiotic therapy. All pa- One patient was retreated with a different phage cocktail after de- tients were treated with intravenous (IV) phage therapy veloping a new infection (thus, 12 cases) (Tables 5and 6). The (Table 5). Four patient cases (33%)..."
EST-146,CLASIFICACION,"Clasificación de la intervención y su medición (ROBINS-I, d.3 y d.6)",3,"...ed concomitant intraoper- ing data, genomic analysis, and predicted lifestyle of each phage. ative phages. The fourth patient (case 12) received phages top- Based on a sequence analysis, all phages lacked known bacterial ically. All non-IV doses were single one-time applications. The virulence factors (eg, toxins) and antibiotic-resistance genes. average duration for IV treatment was 5.6 weeks. Two different methods were used to assess whether the phage ex- isted as temperate (in..."
EST-146,CASO,"Descripción del caso: demografía, historia, diagnóstico, seguimiento (JBI)",1,"...ts with CF with lung infection. Terwilliger et al., 2022) and 12 (Figure 3). Of particular note is case 8 in which 2 antibiotics were tested (Figure 1Hi, Hii): ceftriaxone and cefazolin. For the phage cocktail with cefazolin, likely due to comorbidities of the patients. For example, in we observed antagonism. For ceftriaxone, antagonism was also case 2 (PJI; E. cloacae), E. cloacae was eradicated but 4 weeks lat- noted, but mostly at low concentrations of antibiotic and was er the pati..."
EST-146,CONFLICTOS,"Financiación, conflictos de interés y consentimiento",1,"...asis. Each pa- sogeny broth (LB) at 37°C. For plaque (phage) isolation from tient case was treated after approval from the local institutional environmental samples or TAILΦR’s library of phages, a review board (IRB). All patients provided informed consent for double-agar overlay assay was performed using the patient’s clinical use of phages and their data being used for research bacterial isolate as host. Individual plaques were serially pas- purposes and publication. The manufacturing inst..."
EST-146,CONFLICTOS,"Financiación, conflictos de interés y consentimiento",2,"...A. A. F. and K. L. W. provided phages for treat- All other authors report no potential conflicts. All authors have submit- ment and reviewed and edited the manuscript. A. L. T. organized phage ted the ICMJE Form for Disclosure of Potential Conflicts of Interest. therapy treatments; contributed to data collection, analysis, and interpreta- Conflicts that the editors consider relevant to the content of the manuscript tion; and reviewed and edited the manuscript. B. W. T. provided necessary have bee..."
EST-146,CONFLICTOS,"Financiación, conflictos de interés y consentimiento",3,"...atments; contributed to data collection, analysis, and interpreta- Conflicts that the editors consider relevant to the content of the manuscript tion; and reviewed and edited the manuscript. B. W. T. provided necessary have been disclosed. funding for the work at TAILOR and reviewed and provided edits for the manuscript. A. M. is the faculty founder and current Center Director of References TAILOR, analyzed and interpretated data, and wrote and edited the 1. World Health Organizatio..."
EST-152,ALEATORIZACION,"Secuencia de asignación y ocultamiento (RoB 2, dominio 1)",0,
EST-152,DESVIACIONES,"Desviaciones de la intervención asignada (RoB 2, dominio 2)",0,
EST-152,CEGAMIENTO,"Cegamiento de pacientes, personal y evaluadores (RoB 2 d.2 y d.4)",0,
EST-152,PERDIDAS,"Datos de desenlace faltantes (RoB 2, dominio 3)",0,
EST-152,MEDICION,"Medición del desenlace (RoB 2, dominio 4)",0,
EST-152,REPORTE,"Selección del resultado informado y registro previo (RoB 2, dominio 5)",0,
EST-152,CONFUSION,"Confusión y selección de participantes (ROBINS-I, dominios 1 y 2)",0,
EST-152,CLASIFICACION,"Clasificación de la intervención y su medición (ROBINS-I, d.3 y d.6)",1,"...ious studies have shown that the level of antiphage activity of sera (AAS) calculated as the rate of phage inactivation (K) in patients undergoing PT depends on several factors such as the route of phage administration, phage type, and the dose of the phage preparation (Figure 1) [6]. Oral and rectal administration of phages are considered the least immunogenic, whereas the combination of both local and oral administration is more immunogenic. Purified phage preparations with hig..."
EST-152,CLASIFICACION,"Clasificación de la intervención y su medición (ROBINS-I, d.3 y d.6)",2,"...age preparation (Figure 1) [6]. Oral and rectal administration of phages are considered the least immunogenic, whereas the combination of both local and oral administration is more immunogenic. Purified phage preparations with higher phage titer may be more Antibiotics2025,14,87 immunogenic in comparison to phage lysates [6]. The correlation between the h2igohf1e0r phage titer and the higher antibody level is not a rule, and the degree of phage purification may also play an essent..."
EST-152,CLASIFICACION,"Clasificación de la intervención y su medición (ROBINS-I, d.3 y d.6)",3,"...is not a rule, and the degree of phage purification may also play an essential part. Żaczek et al. [7] showed that sometimes lysates are more Ourpreviousstudieshaveshownthatthelevelofantiphageactivityofsera(AAS) immunogenic (despite lower titers) than purified preparations, which was explained by calculated as the rate of phage inactivation (K) in patients undergoing PT depends on the influence of impurities on the higher antibody levels. Antibody responses to phage severalfactor..."
EST-152,CASO,"Descripción del caso: demografía, historia, diagnóstico, seguimiento (JBI)",0,
EST-152,CONFLICTOS,"Financiación, conflictos de interés y consentimiento",1,"...therapy,R.M.;resources, M.Ł.-S.andA.G.;writing—originaldraftpreparation,M.Ł.-S.,B.W.-D.andA.G.;writing—review& editing,M.Ł.-S.,M.Z˙.andA.G.;supervision,A.G.,M.Ł.-S.andB.W.-D.Allauthorshavereadand agreedtothepublishedversionofthemanuscript. Funding:ThisworkwassupportedbyinstitutionalfundsfromtheHirszfeldInstituteofImmunology andExperimentalTherapyofthePolishAcademyofSciences. InstitutionalReviewBoardStatement: ThestudywasconductedbytheDeclarationofHelsinki, andapprovedbytheBioethicsC..."
EST-004,CONFUSION,Sesgo por confusión,1,"""When phage therapy was initiated, all patients were concurrently on IV antibiotics (n = 6) or recently completed antibiotics (n = 3)."" || Nota: No hubo asignación comparativa ni ajuste por gravedad basal, tratamientos concomitantes o diferencias clínicas; el efecto de la fagoterapia no puede separarse de cointervenciones ni pronóstico."
EST-004,CONFUSION,Sesgo en la selección de los participantes,1,"""Individuals were selected for treatment owing to a combination of the following: lack of clinical response to antibiotics, persistent symptoms and/or clinical decline despite comprehensive CF care, severity of pulmonary exacerbations, and no additional approved therapeutics available."" || Nota: Selección clínica por compasión y gravedad; no se describe muestreo consecutivo ni una población fuente comparable. El brazo A es además una serie de casos."
EST-004,CLASIFICACION,Sesgo en la clasificación de las intervenciones,1,"""Phage therapy was personalized on the basis of susceptibility of the PsA sputum isolates to phages in the phage library."" || Nota: La intervención se define y verifica mediante susceptibilidad del aislado; no obstante, hubo single-phage y cócteles, con dosis/frecuencias y nebulizadores no idénticos."
EST-004,DESVIACIONES,Sesgo por desviaciones de las intervenciones previstas,1,"""Across the cohort, there were differences in the number of phages used (for example, single versus cocktail), duration of phage therapy (7-10 days) and frequency of treatment (inpatient and outpatient)."" || Nota: La intervención y la administración variaron entre participantes y no existió comparador; las desviaciones y cointervenciones impiden interpretar una comparación interna."
EST-004,PERDIDAS,Sesgo por datos faltantes,1,"""Sputum samples were collected at different intervals over the subsequent 28 days ... and spirometry was performed after phage therapy (21-30 days) at each patient's CF center."" || Nota: Los tiempos de recogida variaron; además, el seguimiento de eventos adversos dependió del reporte de pacientes/equipos y no hubo cuestionarios estandarizados ni comité de seguridad."
EST-004,MEDICION,Sesgo en la medición de los desenlaces,1,"""Because each case was a SPIND, standardized CF symptom diaries or questionnaires were not used and there was no safety monitoring board."" || Nota: No se describe un protocolo prospectivo de resultados ni registro de desenlaces; se presentan varios análisis microbiológicos, clínicos y fenotípicos sin una jerarquía clara de selección del resultado."
EST-004,REPORTE,Sesgo en la selección del resultado notificado,1,"""Here, we present outcomes from the first nine adult pwCF compassionate cases who were treated with nebulized phage(s) using the above approach."" || Nota: Serie consecutiva de casos compasivos, sin comparador y con múltiples desenlaces; no se identifica un plan de análisis preespecificado que permita descartar selección del resultado reportado."
EST-004,GLOBAL,Juicio global del estudio,1,"""Because of the nature of compassionate phage therapy, there was no control group for comparison."" || Nota: Juicio global: el peor dominio es grave y la ausencia de control, junto con confusión por indicación y selección clínica, compromete la inferencia comparativa. Se trata de una evaluación adaptada basada en ROBINS-I porque el artículo no presenta una cohorte comparativa independiente."
